"Name","SMILES","Target_Family","LogP","MolMR","TPSA","HBA","HBD","RotatableBonds","RingCount","NumAromaticRings","NumAliphaticRings","FractionCSP3","LipinskiViolations","AromaticRingFraction","FlexibilityIndex","HeteroatomFraction","TPSA_per_MW"
"5FDQD","CC(CCN1C2=CC(C)=C(C)C=C2N=C2C(=O)[N-]C(=O)N=C12)C1=CC=C(F)C=C1","Riboswitch",3.163,108.916,78.95,4,0,4,4,2,2,0.273,0,0.5,0.137931034482759,0.241379310344828,0.201698405317991
"5FDQD","CC(CCN1C2=CC(C)=C(C)C=C2N=C2C(=O)[N-]C(=O)N=C12)C1=CC=C(F)C=C1","Other",3.163,108.916,78.95,4,0,4,4,2,2,0.273,0,0.5,0.137931034482759,0.241379310344828,0.201698405317991
"Ribocil-B","CNC1=NC=C(C[NH+]2CCC[C@@H](C2)C2=NC(=CC(=O)N2)C2=CC=CS2)C=N1","Riboswitch",1.293,106.125,88,6,3,5,4,3,1,0.368,0,0.75,0.185185185185185,0.296296296296296,0.229464851460622
"Ribocil-B","CNC1=NC=C(C[NH+]2CCC[C@@H](C2)C2=NC(=CC(=O)N2)C2=CC=CS2)C=N1","Riboswitch",1.293,106.125,88,6,3,5,4,3,1,0.368,0,0.75,0.185185185185185,0.296296296296296,0.229464851460622
"Ribocil-B","CNC1=NC=C(C[NH+]2CCC[C@@H](C2)C2=NC(=CC(=O)N2)C2=CC=CS2)C=N1","Other",1.293,106.125,88,6,3,5,4,3,1,0.368,0,0.75,0.185185185185185,0.296296296296296,0.229464851460622
"Ribocil-C","O=C1NC(=NC(=C1)C1=CC=CS1)[C@H]1CCCN(CC2=CN(C=N2)C2=NC=CC=N2)C1","Riboswitch",2.854,114.577,92.59,7,1,5,5,4,1,0.286,0,0.8,0.166666666666667,0.3,0.220707771373542
"Ribocil-C","O=C1NC(=NC(=C1)C1=CC=CS1)[C@H]1CCCN(CC2=CN(C=N2)C2=NC=CC=N2)C1","Riboswitch",2.854,114.577,92.59,7,1,5,5,4,1,0.286,0,0.8,0.166666666666667,0.3,0.220707771373542
"Ribocil-C","O=C1NC(=NC(=C1)C1=CC=CS1)[C@H]1CCCN(CC2=CN(C=N2)C2=NC=CC=N2)C1","Riboswitch",2.854,114.577,92.59,7,1,5,5,4,1,0.286,0,0.8,0.166666666666667,0.3,0.220707771373542
"Ribocil-C","O=C1NC(=NC(=C1)C1=CC=CS1)[C@H]1CCCN(CC2=CN(C=N2)C2=NC=CC=N2)C1","Riboswitch",2.854,114.577,92.59,7,1,5,5,4,1,0.286,0,0.8,0.166666666666667,0.3,0.220707771373542
"Ribocil-C","O=C1NC(=NC(=C1)C1=CC=CS1)[C@H]1CCCN(CC2=CN(C=N2)C2=NC=CC=N2)C1","Other",2.854,114.577,92.59,7,1,5,5,4,1,0.286,0,0.8,0.166666666666667,0.3,0.220707771373542
"Roseoflavin","CN(C)C1=CC2=C(C=C1C)N=C1C(=O)[N-]C(=O)N=C1N2C[C@H](O)[C@H](O)[C@H](O)CO","Riboswitch",-2.337,104.18,163.11,9,4,6,3,1,2,0.444,0,0.333333333333333,0.206896551724138,0.379310344827586,0.403335286830216
"Roseoflavin","CN(C)C1=CC2=C(C=C1C)N=C1C(=O)[N-]C(=O)N=C1N2C[C@H](O)[C@H](O)[C@H](O)CO","Riboswitch",-2.337,104.18,163.11,9,4,6,3,1,2,0.444,0,0.333333333333333,0.206896551724138,0.379310344827586,0.403335286830216
"Roseoflavin","CN(C)C1=CC2=C(C=C1C)N=C1C(=O)[N-]C(=O)N=C1N2C[C@H](O)[C@H](O)[C@H](O)CO","Riboswitch",-2.337,104.18,163.11,9,4,6,3,1,2,0.444,0,0.333333333333333,0.206896551724138,0.379310344827586,0.403335286830216
"Roseoflavin","CN(C)C1=CC2=C(C=C1C)N=C1C(=O)[N-]C(=O)N=C1N2C[C@H](O)[C@H](O)[C@H](O)CO","Riboswitch",-2.337,104.18,163.11,9,4,6,3,1,2,0.444,0,0.333333333333333,0.206896551724138,0.379310344827586,0.403335286830216
"Roseoflavin","CN(C)C1=CC2=C(C=C1C)N=C1C(=O)[N-]C(=O)N=C1N2C[C@H](O)[C@H](O)[C@H](O)CO","Riboswitch",-2.337,104.18,163.11,9,4,6,3,1,2,0.444,0,0.333333333333333,0.206896551724138,0.379310344827586,0.403335286830216
"Roseoflavin","CN(C)C1=CC2=C(C=C1C)N=C1C(=O)[N-]C(=O)N=C1N2C[C@H](O)[C@H](O)[C@H](O)CO","Riboswitch",-2.337,104.18,163.11,9,4,6,3,1,2,0.444,0,0.333333333333333,0.206896551724138,0.379310344827586,0.403335286830216
"Roseoflavin","CN(C)C1=CC2=C(C=C1C)N=C1C(=O)[N-]C(=O)N=C1N2C[C@H](O)[C@H](O)[C@H](O)CO","Other",-2.337,104.18,163.11,9,4,6,3,1,2,0.444,0,0.333333333333333,0.206896551724138,0.379310344827586,0.403335286830216
"Roseoflavin","CN(C)C1=CC2=C(C=C1C)N=C1C(=O)[N-]C(=O)N=C1N2C[C@H](O)[C@H](O)[C@H](O)CO","Other",-2.337,104.18,163.11,9,4,6,3,1,2,0.444,0,0.333333333333333,0.206896551724138,0.379310344827586,0.403335286830216
"2,6-Diaminopurine","NC1=NC(N)=C2NC=NC2=N1","Riboswitch",-0.483,40.508,106.5,5,3,0,2,2,0,0,0,1,0,0.545454545454545,0.709314329481501
"2,6-Diaminopurine","NC1=NC(N)=C2NC=NC2=N1","Riboswitch",-0.483,40.508,106.5,5,3,0,2,2,0,0,0,1,0,0.545454545454545,0.709314329481501
"2,6-Diaminopurine","NC1=NC(N)=C2NC=NC2=N1","Riboswitch",-0.483,40.508,106.5,5,3,0,2,2,0,0,0,1,0,0.545454545454545,0.709314329481501
"2,6-Diaminopurine","NC1=NC(N)=C2NC=NC2=N1","Riboswitch",-0.483,40.508,106.5,5,3,0,2,2,0,0,0,1,0,0.545454545454545,0.709314329481501
"2,6-Diaminopurine","NC1=NC(N)=C2NC=NC2=N1","Riboswitch",-0.483,40.508,106.5,5,3,0,2,2,0,0,0,1,0,0.545454545454545,0.709314329481501
"2,6-Diaminopurine","NC1=NC(N)=C2NC=NC2=N1","Riboswitch",-0.483,40.508,106.5,5,3,0,2,2,0,0,0,1,0,0.545454545454545,0.709314329481501
"2,6-Diaminopurine","NC1=NC(N)=C2NC=NC2=N1","Riboswitch",-0.483,40.508,106.5,5,3,0,2,2,0,0,0,1,0,0.545454545454545,0.709314329481501
"2,6-Diaminopurine","NC1=NC(N)=C2NC=NC2=N1","Other",-0.483,40.508,106.5,5,3,0,2,2,0,0,0,1,0,0.545454545454545,0.709314329481501
"Pyrithiamine","CC1=NC(N)=C(C[N+]2=CC=CC(CCO)=C2C)C=N1","Riboswitch",0.546,72.447,75.91,4,2,4,2,2,0,0.357,0,1,0.210526315789474,0.263157894736842,0.292712458499304
"Pyrithiamine","CC1=NC(N)=C(C[N+]2=CC=CC(CCO)=C2C)C=N1","Other",0.546,72.447,75.91,4,2,4,2,2,0,0.357,0,1,0.210526315789474,0.263157894736842,0.292712458499304
"2-Amino-N6-Hydroxyadenine","NC1=N\C(=N/[O-])C2=C(NC=N2)[NH2+]1","Riboswitch",-1.823,41.699,119.09,4,3,0,2,1,1,0,0,0.5,0,0.583333333333333,0.716787846687211
"2-Amino-N6-Hydroxyadenine","NC1=N\C(=N/[O-])C2=C(NC=N2)[NH2+]1","Other",-1.823,41.699,119.09,4,3,0,2,1,1,0,0,0.5,0,0.583333333333333,0.716787846687211
"PC1","NC1=NC(=O)C(N)=C(N)N1","Riboswitch",-1.484,38.095,123.81,5,4,0,1,1,0,0,0,1,0,0.6,0.877251406464778
"PC1","NC1=NC(=O)C(N)=C(N)N1","Other",-1.484,38.095,123.81,5,4,0,1,1,0,0,0,1,0,0.6,0.877251406464778
"Chelerythrine","COC1=CC=C2C(C=[N+](C)C3=C2C=CC2=CC4=C(OCO4)C=C32)=C1OC","Riboswitch",3.717,99.363,40.8,4,0,2,5,4,1,0.19,0,0.8,0.0769230769230769,0.192307692307692,0.117114169092193
"Chelerythrine","COC1=CC=C2C(C=[N+](C)C3=C2C=CC2=CC4=C(OCO4)C=C32)=C1OC","Riboswitch",3.717,99.363,40.8,4,0,2,5,4,1,0.19,0,0.8,0.0769230769230769,0.192307692307692,0.117114169092193
"Chelerythrine","COC1=CC=C2C(C=[N+](C)C3=C2C=CC2=CC4=C(OCO4)C=C32)=C1OC","Riboswitch",3.717,99.363,40.8,4,0,2,5,4,1,0.19,0,0.8,0.0769230769230769,0.192307692307692,0.117114169092193
"Chelerythrine","COC1=CC=C2C(C=[N+](C)C3=C2C=CC2=CC4=C(OCO4)C=C32)=C1OC","Riboswitch",3.717,99.363,40.8,4,0,2,5,4,1,0.19,0,0.8,0.0769230769230769,0.192307692307692,0.117114169092193
"Chelerythrine","COC1=CC=C2C(C=[N+](C)C3=C2C=CC2=CC4=C(OCO4)C=C32)=C1OC","Riboswitch",3.717,99.363,40.8,4,0,2,5,4,1,0.19,0,0.8,0.0769230769230769,0.192307692307692,0.117114169092193
"Chelerythrine","COC1=CC=C2C(C=[N+](C)C3=C2C=CC2=CC4=C(OCO4)C=C32)=C1OC","Riboswitch",3.717,99.363,40.8,4,0,2,5,4,1,0.19,0,0.8,0.0769230769230769,0.192307692307692,0.117114169092193
"Chelerythrine","COC1=CC=C2C(C=[N+](C)C3=C2C=CC2=CC4=C(OCO4)C=C32)=C1OC","Riboswitch",3.717,99.363,40.8,4,0,2,5,4,1,0.19,0,0.8,0.0769230769230769,0.192307692307692,0.117114169092193
"Chelerythrine","COC1=CC=C2C(C=[N+](C)C3=C2C=CC2=CC4=C(OCO4)C=C32)=C1OC","Riboswitch",3.717,99.363,40.8,4,0,2,5,4,1,0.19,0,0.8,0.0769230769230769,0.192307692307692,0.117114169092193
"Dequalinium","CC1=CC(N)=C2C=CC=CC2=[N+]1CCCCCCCCCC[N+]1=C(C)C=C(N)C2=CC=CC=C12","Riboswitch",6.17,143.521,59.8,2,2,11,4,4,0,0.4,1,1,0.323529411764706,0.117647058823529,0.130945655363298
"Harmane","CC1=NC=CC2=C1NC1=C2C=CC=C1","Riboswitch",3.025,58.337,28.68,1,1,0,3,3,0,0.083,0,1,0,0.142857142857143,0.157386981001613
"Harmane","CC1=NC=CC2=C1NC1=C2C=CC=C1","Other",3.025,58.337,28.68,1,1,0,3,3,0,0.083,0,1,0,0.142857142857143,0.157386981001613
"Harmine","COC1=CC2=C(C=C1)C1=C(N2)C(C)=NC=C1","Riboswitch",3.033,64.889,37.91,2,1,1,3,3,0,0.154,0,1,0.0625,0.1875,0.178608446563519
"Harmine","COC1=CC2=C(C=C1)C1=C(N2)C(C)=NC=C1","Other",3.033,64.889,37.91,2,1,1,3,3,0,0.154,0,1,0.0625,0.1875,0.178608446563519
"Proflavine","NC1=CC2=[NH+]C3=CC(N)=CC=C3C=C2C=C1","Riboswitch",1.971,66.835,66.18,2,2,0,3,3,0,0,0,1,0,0.1875,0.31475316275088
"Proflavine","NC1=CC2=[NH+]C3=CC(N)=CC=C3C=C2C=C1","Riboswitch",1.971,66.835,66.18,2,2,0,3,3,0,0,0,1,0,0.1875,0.31475316275088
"Proflavine","NC1=CC2=[NH+]C3=CC(N)=CC=C3C=C2C=C1","Riboswitch",1.971,66.835,66.18,2,2,0,3,3,0,0,0,1,0,0.1875,0.31475316275088
"Proflavine","NC1=CC2=[NH+]C3=CC(N)=CC=C3C=C2C=C1","Riboswitch",1.971,66.835,66.18,2,2,0,3,3,0,0,0,1,0,0.1875,0.31475316275088
"Proflavine","NC1=CC2=[NH+]C3=CC(N)=CC=C3C=C2C=C1","Riboswitch",1.971,66.835,66.18,2,2,0,3,3,0,0,0,1,0,0.1875,0.31475316275088
"Proflavine","NC1=CC2=[NH+]C3=CC(N)=CC=C3C=C2C=C1","Riboswitch",1.971,66.835,66.18,2,2,0,3,3,0,0,0,1,0,0.1875,0.31475316275088
"Proflavine","NC1=CC2=[NH+]C3=CC(N)=CC=C3C=C2C=C1","Other",1.971,66.835,66.18,2,2,0,3,3,0,0,0,1,0,0.1875,0.31475316275088
"Staurosporine","C[NH2+][C@H]1CC2OC(C)([C@H]1OC)N1C3=CC=CC=C3C3=C1C1=C(C4=C(C=CC=C4)N21)C1=C3CNC1=O","Riboswitch",3.328,134.438,74.03,3,2,2,8,5,3,0.321,0,0.625,0.0571428571428571,0.2,0.158336345495338
"Staurosporine","C[NH2+][C@H]1CC2OC(C)([C@H]1OC)N1C3=CC=CC=C3C3=C1C1=C(C4=C(C=CC=C4)N21)C1=C3CNC1=O","Other",3.328,134.438,74.03,3,2,2,8,5,3,0.321,0,0.625,0.0571428571428571,0.2,0.158336345495338
"Pentamidine","NC(=[NH2+])C1=CC=C(OCCCCCOC2=CC=C(C=C2)C(N)=[NH2+])C=C1","Ribozyme",-0.756,98.169,121.68,2,4,10,2,2,0,0.263,0,1,0.4,0.24,0.355329208072584
"Methylquinolinium 15","C[N+]1=C2C=CC=CC2=CC=C1C=CC1=CC2=CC=CC=C2N1","mRNA",4.316,92.351,19.67,0,1,2,4,4,0,0.05,0,1,0.0909090909090909,0.0909090909090909,0.0689280583102639
"Methylquinolinium 15","C[N+]1=C2C=CC=CC2=CC=C1C=CC1=CC2=CC=CC=C2N1","Other",4.316,92.351,19.67,0,1,2,4,4,0,0.05,0,1,0.0909090909090909,0.0909090909090909,0.0689280583102639
"Methylquinolinium 16","CCN1C2=C(C=CC=C2)C2=C1C=CC(C=CC1=CC=C3C=CC=CC3=[N+]1C)=C2","mRNA",5.963,119.17,8.81,0,0,3,5,5,0,0.115,1,1,0.107142857142857,0.0714285714285714,0.0242376555776871
"Methylquinolinium 16","CCN1C2=C(C=CC=C2)C2=C1C=CC(C=CC1=CC=C3C=CC=CC3=[N+]1C)=C2","Other",5.963,119.17,8.81,0,0,3,5,5,0,0.115,1,1,0.107142857142857,0.0714285714285714,0.0242376555776871
"Methylquinolinium 22","C[NH+]1CCN(CC1)C1=C2C=CC=CC2=[N+](C)C(C=CC2=CC=C(C=C2)N2CCOCC2)=C1","mRNA",2.006,132.36,24.03,3,1,4,5,3,2,0.37,0,0.6,0.125,0.15625,0.0558063707047906
"Methylquinolinium 22","C[NH+]1CCN(CC1)C1=C2C=CC=CC2=[N+](C)C(C=CC2=CC=C(C=C2)N2CCOCC2)=C1","Other",2.006,132.36,24.03,3,1,4,5,3,2,0.37,0,0.6,0.125,0.15625,0.0558063707047906
"Methylquinolinium 23","C[NH+]1CCN(CC1)C1=C2C=CC=CC2=[N+](C)C(C=CC2=CC3=CC=CC=C3N2)=C1","mRNA",2.651,121.184,27.35,1,2,3,5,4,1,0.24,0,0.8,0.103448275862069,0.137931034482759,0.0711263448340429
"Methylquinolinium 23","C[NH+]1CCN(CC1)C1=C2C=CC=CC2=[N+](C)C(C=CC2=CC3=CC=CC=C3N2)=C1","mRNA",2.651,121.184,27.35,1,2,3,5,4,1,0.24,0,0.8,0.103448275862069,0.137931034482759,0.0711263448340429
"Methylquinolinium 23","C[NH+]1CCN(CC1)C1=C2C=CC=CC2=[N+](C)C(C=CC2=CC3=CC=CC=C3N2)=C1","Other",2.651,121.184,27.35,1,2,3,5,4,1,0.24,0,0.8,0.103448275862069,0.137931034482759,0.0711263448340429
"Methylquinolinium 24","CCN1C2=C(C=CC=C2)C2=C1C=CC(C=CC1=CC(N3CC[NH+](C)CC3)=C3C=CC=CC3=[N+]1C)=C2","mRNA",4.297,148.004,16.49,1,1,4,6,5,1,0.258,0,0.833333333333333,0.114285714285714,0.114285714285714,0.035643187698453
"Methylquinolinium 24","CCN1C2=C(C=CC=C2)C2=C1C=CC(C=CC1=CC(N3CC[NH+](C)CC3)=C3C=CC=CC3=[N+]1C)=C2","mRNA",4.297,148.004,16.49,1,1,4,6,5,1,0.258,0,0.833333333333333,0.114285714285714,0.114285714285714,0.035643187698453
"Methylquinolinium 24","CCN1C2=C(C=CC=C2)C2=C1C=CC(C=CC1=CC(N3CC[NH+](C)CC3)=C3C=CC=CC3=[N+]1C)=C2","Other",4.297,148.004,16.49,1,1,4,6,5,1,0.258,0,0.833333333333333,0.114285714285714,0.114285714285714,0.035643187698453
"Compound 1","NC1=CC=C(C=C1)C1=CC2=CC=C(C=C2N1)C1=[NH+]CCN1","mRNA",0.847,86.089,67.81,2,4,2,4,3,1,0.118,0,0.75,0.0952380952380952,0.19047619047619,0.244491636951012
"Compound 2","NC(=[NH2+])C1=CC=C(NC2=CC=C(C=C2)C2=CC3=CC=C(C=C3N2)C(N)=[NH2+])C=C1","mRNA",0.507,113.903,131.04,1,6,5,4,4,0,0,1,1,0.178571428571429,0.214285714285714,0.353722399179399
"Compound 2","NC(=[NH2+])C1=CC=C(NC2=CC=C(C=C2)C2=CC3=CC=C(C=C3N2)C(N)=[NH2+])C=C1","Other",0.507,113.903,131.04,1,6,5,4,4,0,0,1,1,0.178571428571429,0.214285714285714,0.353722399179399
"Compound 2","NC(=[NH2+])C1=CC=C(NC2=CC=C(C=C2)C2=CC3=CC=C(C=C3N2)C(N)=[NH2+])C=C1","mRNA",0.507,113.903,131.04,1,6,5,4,4,0,0,1,1,0.178571428571429,0.214285714285714,0.353722399179399
"Compound 2","NC(=[NH2+])C1=CC=C(NC2=CC=C(C=C2)C2=CC3=CC=C(C=C3N2)C(N)=[NH2+])C=C1","mRNA",0.507,113.903,131.04,1,6,5,4,4,0,0,1,1,0.178571428571429,0.214285714285714,0.353722399179399
"Compound 2","NC(=[NH2+])C1=CC=C(NC2=CC=C(C=C2)C2=CC3=CC=C(C=C3N2)C(N)=[NH2+])C=C1","Other",0.507,113.903,131.04,1,6,5,4,4,0,0,1,1,0.178571428571429,0.214285714285714,0.353722399179399
"Compound 2","NC(=[NH2+])C1=CC=C(NC2=CC=C(C=C2)C2=CC3=CC=C(C=C3N2)C(N)=[NH2+])C=C1","Repeat.RNA",0.507,113.903,131.04,1,6,5,4,4,0,0,1,1,0.178571428571429,0.214285714285714,0.353722399179399
"Compound 2","NC(=[NH2+])C1=CC=C(NC2=CC=C(C=C2)C2=CC3=CC=C(C=C3N2)C(N)=[NH2+])C=C1","Other",0.507,113.903,131.04,1,6,5,4,4,0,0,1,1,0.178571428571429,0.214285714285714,0.353722399179399
"Compound 2","NC(=[NH2+])C1=CC=C(NC2=CC=C(C=C2)C2=CC3=CC=C(C=C3N2)C(N)=[NH2+])C=C1","Other",0.507,113.903,131.04,1,6,5,4,4,0,0,1,1,0.178571428571429,0.214285714285714,0.353722399179399
"Compound 2","NC(=[NH2+])C1=CC=C(NC2=CC=C(C=C2)C2=CC3=CC=C(C=C3N2)C(N)=[NH2+])C=C1","G.Quadruplex",0.507,113.903,131.04,1,6,5,4,4,0,0,1,1,0.178571428571429,0.214285714285714,0.353722399179399
"Compound 2","NC(=[NH2+])C1=CC=C(NC2=CC=C(C=C2)C2=CC3=CC=C(C=C3N2)C(N)=[NH2+])C=C1","Other",0.507,113.903,131.04,1,6,5,4,4,0,0,1,1,0.178571428571429,0.214285714285714,0.353722399179399
"Compound 4","NC(=[NH2+])C1=CC=C(NC2=CC=C(C=C2)C2=CC3=CC=C(C=C3N2)C(N)=[NH2+])C=C1","mRNA",0.507,113.903,131.04,1,6,5,4,4,0,0,1,1,0.178571428571429,0.214285714285714,0.353722399179399
"RGB-1","O=C1N2CC3=NC4=C(C(=CS4)C4=CC=CO4)C(=O)N3CC2=NC2=C1C(=CS2)C1=CC=CO1","G.Quadruplex",4.159,121.368,96.06,8,0,2,7,6,1,0.091,0,0.857142857142857,0.0625,0.3125,0.208601160487822
"RGB-1","O=C1N2CC3=NC4=C(C(=CS4)C4=CC=CO4)C(=O)N3CC2=NC2=C1C(=CS2)C1=CC=CO1","G.Quadruplex",4.159,121.368,96.06,8,0,2,7,6,1,0.091,0,0.857142857142857,0.0625,0.3125,0.208601160487822
"RGB-1","O=C1N2CC3=NC4=C(C(=CS4)C4=CC=CO4)C(=O)N3CC2=NC2=C1C(=CS2)C1=CC=CO1","Other",4.159,121.368,96.06,8,0,2,7,6,1,0.091,0,0.857142857142857,0.0625,0.3125,0.208601160487822
"RGB-1","O=C1N2CC3=NC4=C(C(=CS4)C4=CC=CO4)C(=O)N3CC2=NC2=C1C(=CS2)C1=CC=CO1","Other",4.159,121.368,96.06,8,0,2,7,6,1,0.091,0,0.857142857142857,0.0625,0.3125,0.208601160487822
"RGB-1","O=C1N2CC3=NC4=C(C(=CS4)C4=CC=CO4)C(=O)N3CC2=NC2=C1C(=CS2)C1=CC=CO1","G.Quadruplex",4.159,121.368,96.06,8,0,2,7,6,1,0.091,0,0.857142857142857,0.0625,0.3125,0.208601160487822
"RGB-1","O=C1N2CC3=NC4=C(C(=CS4)C4=CC=CO4)C(=O)N3CC2=NC2=C1C(=CS2)C1=CC=CO1","G.Quadruplex",4.159,121.368,96.06,8,0,2,7,6,1,0.091,0,0.857142857142857,0.0625,0.3125,0.208601160487822
"RGB-1","O=C1N2CC3=NC4=C(C(=CS4)C4=CC=CO4)C(=O)N3CC2=NC2=C1C(=CS2)C1=CC=CO1","G.Quadruplex",4.159,121.368,96.06,8,0,2,7,6,1,0.091,0,0.857142857142857,0.0625,0.3125,0.208601160487822
"RGB-1","O=C1N2CC3=NC4=C(C(=CS4)C4=CC=CO4)C(=O)N3CC2=NC2=C1C(=CS2)C1=CC=CO1","G.Quadruplex",4.159,121.368,96.06,8,0,2,7,6,1,0.091,0,0.857142857142857,0.0625,0.3125,0.208601160487822
"RGB-1","O=C1N2CC3=NC4=C(C(=CS4)C4=CC=CO4)C(=O)N3CC2=NC2=C1C(=CS2)C1=CC=CO1","G.Quadruplex",4.159,121.368,96.06,8,0,2,7,6,1,0.091,0,0.857142857142857,0.0625,0.3125,0.208601160487822
"RGB-1","O=C1N2CC3=NC4=C(C(=CS4)C4=CC=CO4)C(=O)N3CC2=NC2=C1C(=CS2)C1=CC=CO1","Other",4.159,121.368,96.06,8,0,2,7,6,1,0.091,0,0.857142857142857,0.0625,0.3125,0.208601160487822
"RGB-1","O=C1N2CC3=NC4=C(C(=CS4)C4=CC=CO4)C(=O)N3CC2=NC2=C1C(=CS2)C1=CC=CO1","Other",4.159,121.368,96.06,8,0,2,7,6,1,0.091,0,0.857142857142857,0.0625,0.3125,0.208601160487822
"Benzimidazole 1 (2014)","C[NH+]1CCN(CC1)C1=CC=C2NC(=NC2=C1)C1=CC(=C(OCCCC(=O)NCCCN=[N+]=[N-])C(=C1)C(C)(C)C)C(C)(C)C","miRNA",5.135,174.132,123.45,5,3,11,4,3,1,0.576,2,0.75,0.255813953488372,0.232558139534884,0.209305046209875
"Benzimidazole 1 (2014)","C[NH+]1CCN(CC1)C1=CC=C2NC(=NC2=C1)C1=CC(=C(OCCCC(=O)NCCCN=[N+]=[N-])C(=C1)C(C)(C)C)C(C)(C)C","miRNA",5.135,174.132,123.45,5,3,11,4,3,1,0.576,2,0.75,0.255813953488372,0.232558139534884,0.209305046209875
"Benzimidazole 1 (2014)","C[NH+]1CCN(CC1)C1=CC=C2NC(=NC2=C1)C1=CC(=C(OCCCC(=O)NCCCN=[N+]=[N-])C(=C1)C(C)(C)C)C(C)(C)C","miRNA",5.135,174.132,123.45,5,3,11,4,3,1,0.576,2,0.75,0.255813953488372,0.232558139534884,0.209305046209875
"Benzimidazole 1 (2014)","C[NH+]1CCN(CC1)C1=CC=C2NC(=NC2=C1)C1=CC(=C(OCCCC(=O)NCCCN=[N+]=[N-])C(=C1)C(C)(C)C)C(C)(C)C","Other",5.135,174.132,123.45,5,3,11,4,3,1,0.576,2,0.75,0.255813953488372,0.232558139534884,0.209305046209875
"Benzimidazole 1 (2014)","C[NH+]1CCN(CC1)C1=CC=C2NC(=NC2=C1)C1=CC(=C(OCCCC(=O)NCCCN=[N+]=[N-])C(=C1)C(C)(C)C)C(C)(C)C","Other",5.135,174.132,123.45,5,3,11,4,3,1,0.576,2,0.75,0.255813953488372,0.232558139534884,0.209305046209875
"D6","NC(=[NH2+])NC1=CC=C(OC(=O)C2=CC=C(NC(N)=[NH2+])C=C2)C=C1","Repeat.RNA",-2.123,87.328,153.58,2,6,4,2,2,0,0,1,1,0.173913043478261,0.347826086956522,0.488565257086868
"D6","NC(=[NH2+])NC1=CC=C(OC(=O)C2=CC=C(NC(N)=[NH2+])C=C2)C=C1","Repeat.RNA",-2.123,87.328,153.58,2,6,4,2,2,0,0,1,1,0.173913043478261,0.347826086956522,0.488565257086868
"Hydroxyellipticine 1a","CC1=C2C=C[N+](CC[NH+]3CCCCC3)=CC2=C(C)C2=C1NC1=C2C=C(O)C=C1","Other",3.153,114.059,44.34,1,3,3,5,4,1,0.375,0,0.8,0.107142857142857,0.142857142857143,0.118077525325153
"Hydroxyellipticine 1a","CC1=C2C=C[N+](CC[NH+]3CCCCC3)=CC2=C(C)C2=C1NC1=C2C=C(O)C=C1","Repeat.RNA",3.153,114.059,44.34,1,3,3,5,4,1,0.375,0,0.8,0.107142857142857,0.142857142857143,0.118077525325153
"Hydroxyellipticine 1a","CC1=C2C=C[N+](CC[NH+]3CCCCC3)=CC2=C(C)C2=C1NC1=C2C=C(O)C=C1","Repeat.RNA",3.153,114.059,44.34,1,3,3,5,4,1,0.375,0,0.8,0.107142857142857,0.142857142857143,0.118077525325153
"Hydroxyellipticine 1a","CC1=C2C=C[N+](CC[NH+]3CCCCC3)=CC2=C(C)C2=C1NC1=C2C=C(O)C=C1","tRNA",3.153,114.059,44.34,1,3,3,5,4,1,0.375,0,0.8,0.107142857142857,0.142857142857143,0.118077525325153
"Hydroxyellipticine 1a","CC1=C2C=C[N+](CC[NH+]3CCCCC3)=CC2=C(C)C2=C1NC1=C2C=C(O)C=C1","Repeat.RNA",3.153,114.059,44.34,1,3,3,5,4,1,0.375,0,0.8,0.107142857142857,0.142857142857143,0.118077525325153
"Hydroxyellipticine 1a","CC1=C2C=C[N+](CC[NH+]3CCCCC3)=CC2=C(C)C2=C1NC1=C2C=C(O)C=C1","tRNA",3.153,114.059,44.34,1,3,3,5,4,1,0.375,0,0.8,0.107142857142857,0.142857142857143,0.118077525325153
"Hydroxyellipticine 1a","CC1=C2C=C[N+](CC[NH+]3CCCCC3)=CC2=C(C)C2=C1NC1=C2C=C(O)C=C1","Other",3.153,114.059,44.34,1,3,3,5,4,1,0.375,0,0.8,0.107142857142857,0.142857142857143,0.118077525325153
"Hydroxyellipticine 1a","CC1=C2C=C[N+](CC[NH+]3CCCCC3)=CC2=C(C)C2=C1NC1=C2C=C(O)C=C1","G.Quadruplex",3.153,114.059,44.34,1,3,3,5,4,1,0.375,0,0.8,0.107142857142857,0.142857142857143,0.118077525325153
"Hydroxyellipticine 1a","CC1=C2C=C[N+](CC[NH+]3CCCCC3)=CC2=C(C)C2=C1NC1=C2C=C(O)C=C1","Other",3.153,114.059,44.34,1,3,3,5,4,1,0.375,0,0.8,0.107142857142857,0.142857142857143,0.118077525325153
"Hydroxyellipticine 1a","CC1=C2C=C[N+](CC[NH+]3CCCCC3)=CC2=C(C)C2=C1NC1=C2C=C(O)C=C1","Repeat.RNA",3.153,114.059,44.34,1,3,3,5,4,1,0.375,0,0.8,0.107142857142857,0.142857142857143,0.118077525325153
"Hydroxyellipticine 1a","CC1=C2C=C[N+](CC[NH+]3CCCCC3)=CC2=C(C)C2=C1NC1=C2C=C(O)C=C1","Other",3.153,114.059,44.34,1,3,3,5,4,1,0.375,0,0.8,0.107142857142857,0.142857142857143,0.118077525325153
"Hydroxyellipticine 1a","CC1=C2C=C[N+](CC[NH+]3CCCCC3)=CC2=C(C)C2=C1NC1=C2C=C(O)C=C1","Other",3.153,114.059,44.34,1,3,3,5,4,1,0.375,0,0.8,0.107142857142857,0.142857142857143,0.118077525325153
"Hydroxyellipticine 1a","CC1=C2C=C[N+](CC[NH+]3CCCCC3)=CC2=C(C)C2=C1NC1=C2C=C(O)C=C1","Other",3.153,114.059,44.34,1,3,3,5,4,1,0.375,0,0.8,0.107142857142857,0.142857142857143,0.118077525325153
"Hydroxyellipticine 1a","CC1=C2C=C[N+](CC[NH+]3CCCCC3)=CC2=C(C)C2=C1NC1=C2C=C(O)C=C1","Other",3.153,114.059,44.34,1,3,3,5,4,1,0.375,0,0.8,0.107142857142857,0.142857142857143,0.118077525325153
"Benzimidazole 1 (2015)","[O-][N+](=O)C1=CC=C2NC(CCCC3=NC4=CC(=CC=C4N3)[N+]([O-])=O)=NC2=C1","Other",3.431,97.521,143.64,6,2,6,4,4,0,0.176,0,1,0.222222222222222,0.37037037037037,0.392097986280392
"Benzimidazole 1 (2015)","[O-][N+](=O)C1=CC=C2NC(CCCC3=NC4=CC(=CC=C4N3)[N+]([O-])=O)=NC2=C1","Repeat.RNA",3.431,97.521,143.64,6,2,6,4,4,0,0.176,0,1,0.222222222222222,0.37037037037037,0.392097986280392
"Benzimidazole 1 (2015)","[O-][N+](=O)C1=CC=C2NC(CCCC3=NC4=CC(=CC=C4N3)[N+]([O-])=O)=NC2=C1","Other",3.431,97.521,143.64,6,2,6,4,4,0,0.176,0,1,0.222222222222222,0.37037037037037,0.392097986280392
"Benzimidazole 16 (2015)","O=C(NC1=CC=C(C=C1)C1=NC2=CC(NC(=O)C3=CC=CO3)=CC=C2N1)C1=CC=CO1","Other",4.921,114.852,113.16,5,3,5,5,5,0,0,0,1,0.161290322580645,0.258064516129032,0.274390465683006
"Benzimidazole 16 (2015)","O=C(NC1=CC=C(C=C1)C1=NC2=CC(NC(=O)C3=CC=CO3)=CC=C2N1)C1=CC=CO1","Repeat.RNA",4.921,114.852,113.16,5,3,5,5,5,0,0,0,1,0.161290322580645,0.258064516129032,0.274390465683006
"Benzimidazole 16 (2015)","O=C(NC1=CC=C(C=C1)C1=NC2=CC(NC(=O)C3=CC=CO3)=CC=C2N1)C1=CC=CO1","Other",4.921,114.852,113.16,5,3,5,5,5,0,0,0,1,0.161290322580645,0.258064516129032,0.274390465683006
"Benzimidazole 17 (2015)","ClC1=CC=C(C=C1)C1=CC=C(O1)C(=O)NC1=CC=C(C=C1)C1=NC2=CC=CC=C2N1","Other",6.396,118.637,70.92,3,2,4,5,5,0,0,1,1,0.133333333333333,0.2,0.171360640210311
"Benzimidazole 17 (2015)","ClC1=CC=C(C=C1)C1=CC=C(O1)C(=O)NC1=CC=C(C=C1)C1=NC2=CC=CC=C2N1","Repeat.RNA",6.396,118.637,70.92,3,2,4,5,5,0,0,1,1,0.133333333333333,0.2,0.171360640210311
"Benzimidazole 17 (2015)","ClC1=CC=C(C=C1)C1=CC=C(O1)C(=O)NC1=CC=C(C=C1)C1=NC2=CC=CC=C2N1","Other",6.396,118.637,70.92,3,2,4,5,5,0,0,1,1,0.133333333333333,0.2,0.171360640210311
"H1","NC1=CC(=CC=C1)C1=NC2=CC(=CC=C2N1)C1=CC=C2NC(=NC2=C1)C1=CC(N)=CC=C1","Repeat.RNA",5.605,130.878,109.4,4,4,3,6,6,0,0,1,1,0.09375,0.1875,0.26267263402547
"H1","NC1=CC(=CC=C1)C1=NC2=CC(=CC=C2N1)C1=CC=C2NC(=NC2=C1)C1=CC(N)=CC=C1","Other",5.605,130.878,109.4,4,4,3,6,6,0,0,1,1,0.09375,0.1875,0.26267263402547
"H1","NC1=CC(=CC=C1)C1=NC2=CC(=CC=C2N1)C1=CC=C2NC(=NC2=C1)C1=CC(N)=CC=C1","Other",5.605,130.878,109.4,4,4,3,6,6,0,0,1,1,0.09375,0.1875,0.26267263402547
"H1","NC1=CC(=CC=C1)C1=NC2=CC(=CC=C2N1)C1=CC=C2NC(=NC2=C1)C1=CC(N)=CC=C1","Repeat.RNA",5.605,130.878,109.4,4,4,3,6,6,0,0,1,1,0.09375,0.1875,0.26267263402547
"H1","NC1=CC(=CC=C1)C1=NC2=CC(=CC=C2N1)C1=CC=C2NC(=NC2=C1)C1=CC(N)=CC=C1","Other",5.605,130.878,109.4,4,4,3,6,6,0,0,1,1,0.09375,0.1875,0.26267263402547
"Lomofungin","COC(=O)C1=C2[NH+]=C3C([O-])=CC(=O)C(C=O)=C3[N-]C2=C([O-])C=C1","Repeat.RNA",-1.178,72.335,134.8,6,0,2,3,1,2,0.067,0,0.333333333333333,0.0869565217391304,0.347826086956522,0.431723338361565
"Lomofungin","COC(=O)C1=C2[NH+]=C3C([O-])=CC(=O)C(C=O)=C3[N-]C2=C([O-])C=C1","Repeat.RNA",-1.178,72.335,134.8,6,0,2,3,1,2,0.067,0,0.333333333333333,0.0869565217391304,0.347826086956522,0.431723338361565
"Lomofungin","COC(=O)C1=C2[NH+]=C3C([O-])=CC(=O)C(C=O)=C3[N-]C2=C([O-])C=C1","Other",-1.178,72.335,134.8,6,0,2,3,1,2,0.067,0,0.333333333333333,0.0869565217391304,0.347826086956522,0.431723338361565
"Naphthyridine 2","NC1=NC(N2CCCC2)=C(C#N)C2=CC(=NC(N)=C12)N1CCCC1","Repeat.RNA",1.866,95.972,108.09,7,2,2,4,2,2,0.471,0,0.5,0.0833333333333333,0.291666666666667,0.334225921757307
"Naphthyridine 2","NC1=NC(N2CCCC2)=C(C#N)C2=CC(=NC(N)=C12)N1CCCC1","Other",1.866,95.972,108.09,7,2,2,4,2,2,0.471,0,0.5,0.0833333333333333,0.291666666666667,0.334225921757307
"Naphthyridine 2","NC1=NC(N2CCCC2)=C(C#N)C2=CC(=NC(N)=C12)N1CCCC1","Other",1.866,95.972,108.09,7,2,2,4,2,2,0.471,0,0.5,0.0833333333333333,0.291666666666667,0.334225921757307
"Naphthyridine 2","NC1=NC(N2CCCC2)=C(C#N)C2=CC(=NC(N)=C12)N1CCCC1","Repeat.RNA",1.866,95.972,108.09,7,2,2,4,2,2,0.471,0,0.5,0.0833333333333333,0.291666666666667,0.334225921757307
"Naphthyridine 2","NC1=NC(N2CCCC2)=C(C#N)C2=CC(=NC(N)=C12)N1CCCC1","Other",1.866,95.972,108.09,7,2,2,4,2,2,0.471,0,0.5,0.0833333333333333,0.291666666666667,0.334225921757307
"Naphthyridine 2","NC1=NC(N2CCCC2)=C(C#N)C2=CC(=NC(N)=C12)N1CCCC1","Other",1.866,95.972,108.09,7,2,2,4,2,2,0.471,0,0.5,0.0833333333333333,0.291666666666667,0.334225921757307
"Naphthyridine 2","NC1=NC(N2CCCC2)=C(C#N)C2=CC(=NC(N)=C12)N1CCCC1","Repeat.RNA",1.866,95.972,108.09,7,2,2,4,2,2,0.471,0,0.5,0.0833333333333333,0.291666666666667,0.334225921757307
"Naphthyridine 2","NC1=NC(N2CCCC2)=C(C#N)C2=CC(=NC(N)=C12)N1CCCC1","Repeat.RNA",1.866,95.972,108.09,7,2,2,4,2,2,0.471,0,0.5,0.0833333333333333,0.291666666666667,0.334225921757307
"Naphthyridine 2","NC1=NC(N2CCCC2)=C(C#N)C2=CC(=NC(N)=C12)N1CCCC1","Repeat.RNA",1.866,95.972,108.09,7,2,2,4,2,2,0.471,0,0.5,0.0833333333333333,0.291666666666667,0.334225921757307
"Naphthyridine 2","NC1=NC(N2CCCC2)=C(C#N)C2=CC(=NC(N)=C12)N1CCCC1","Repeat.RNA",1.866,95.972,108.09,7,2,2,4,2,2,0.471,0,0.5,0.0833333333333333,0.291666666666667,0.334225921757307
"Naphthyridine 2","NC1=NC(N2CCCC2)=C(C#N)C2=CC(=NC(N)=C12)N1CCCC1","Repeat.RNA",1.866,95.972,108.09,7,2,2,4,2,2,0.471,0,0.5,0.0833333333333333,0.291666666666667,0.334225921757307
"Naphthyridine 2","NC1=NC(N2CCCC2)=C(C#N)C2=CC(=NC(N)=C12)N1CCCC1","miRNA",1.866,95.972,108.09,7,2,2,4,2,2,0.471,0,0.5,0.0833333333333333,0.291666666666667,0.334225921757307
"Naphthyridine 2","NC1=NC(N2CCCC2)=C(C#N)C2=CC(=NC(N)=C12)N1CCCC1","Other",1.866,95.972,108.09,7,2,2,4,2,2,0.471,0,0.5,0.0833333333333333,0.291666666666667,0.334225921757307
"Naphthyridine 2","NC1=NC(N2CCCC2)=C(C#N)C2=CC(=NC(N)=C12)N1CCCC1","Other",1.866,95.972,108.09,7,2,2,4,2,2,0.471,0,0.5,0.0833333333333333,0.291666666666667,0.334225921757307
"Naphthyridine 2","NC1=NC(N2CCCC2)=C(C#N)C2=CC(=NC(N)=C12)N1CCCC1","Other",1.866,95.972,108.09,7,2,2,4,2,2,0.471,0,0.5,0.0833333333333333,0.291666666666667,0.334225921757307
"Naphthyridine 2","NC1=NC(N2CCCC2)=C(C#N)C2=CC(=NC(N)=C12)N1CCCC1","Other",1.866,95.972,108.09,7,2,2,4,2,2,0.471,0,0.5,0.0833333333333333,0.291666666666667,0.334225921757307
"Naphthyridine 2","NC1=NC(N2CCCC2)=C(C#N)C2=CC(=NC(N)=C12)N1CCCC1","Other",1.866,95.972,108.09,7,2,2,4,2,2,0.471,0,0.5,0.0833333333333333,0.291666666666667,0.334225921757307
"Naphthyridine 2","NC1=NC(N2CCCC2)=C(C#N)C2=CC(=NC(N)=C12)N1CCCC1","Other",1.866,95.972,108.09,7,2,2,4,2,2,0.471,0,0.5,0.0833333333333333,0.291666666666667,0.334225921757307
"p1","O=C(NC1=CC=CC=N1)C1=CC(OCC2=CSC=N2)=CC=C1","Repeat.RNA",3.369,85.078,64.11,5,1,5,3,3,0,0.062,0,1,0.227272727272727,0.272727272727273,0.205899166896835
"p1","O=C(NC1=CC=CC=N1)C1=CC(OCC2=CSC=N2)=CC=C1","Other",3.369,85.078,64.11,5,1,5,3,3,0,0.062,0,1,0.227272727272727,0.272727272727273,0.205899166896835
"p7","FC1=CC=C(C=C1)C(=O)NC1=CC=C(NC(=O)C2=CC=NC=C2)C=N1","Other",3.12,90.78,83.98,4,2,4,3,3,0,0,0,1,0.16,0.28,0.24969820947533
"p7","FC1=CC=C(C=C1)C(=O)NC1=CC=C(NC(=O)C2=CC=NC=C2)C=N1","Other",3.12,90.78,83.98,4,2,4,3,3,0,0,0,1,0.16,0.28,0.24969820947533
"p7","FC1=CC=C(C=C1)C(=O)NC1=CC=C(NC(=O)C2=CC=NC=C2)C=N1","Repeat.RNA",3.12,90.78,83.98,4,2,4,3,3,0,0,0,1,0.16,0.28,0.24969820947533
"p7","FC1=CC=C(C=C1)C(=O)NC1=CC=C(NC(=O)C2=CC=NC=C2)C=N1","tRNA",3.12,90.78,83.98,4,2,4,3,3,0,0,0,1,0.16,0.28,0.24969820947533
"p7","FC1=CC=C(C=C1)C(=O)NC1=CC=C(NC(=O)C2=CC=NC=C2)C=N1","Repeat.RNA",3.12,90.78,83.98,4,2,4,3,3,0,0,0,1,0.16,0.28,0.24969820947533
"Pyrvinium","CN(C)C1=CC2=CC=C(C=CC3=C(C)N(C(C)=C3)C3=CC=CC=C3)[N+](C)=C2C=C1","mRNA",5.308,123.622,12.05,1,0,4,4,4,0,0.192,1,1,0.137931034482759,0.103448275862069,0.0315007149747341
"Pyrvinium","CN(C)C1=CC2=CC=C(C=CC3=C(C)N(C(C)=C3)C3=CC=CC=C3)[N+](C)=C2C=C1","Other",5.308,123.622,12.05,1,0,4,4,4,0,0.192,1,1,0.137931034482759,0.103448275862069,0.0315007149747341
"Pyrvinium","CN(C)C1=CC2=CC=C(C=CC3=C(C)N(C(C)=C3)C3=CC=CC=C3)[N+](C)=C2C=C1","Other",5.308,123.622,12.05,1,0,4,4,4,0,0.192,1,1,0.137931034482759,0.103448275862069,0.0315007149747341
"Pyrvinium","CN(C)C1=CC2=CC=C(C=CC3=C(C)N(C(C)=C3)C3=CC=CC=C3)[N+](C)=C2C=C1","Other",5.308,123.622,12.05,1,0,4,4,4,0,0.192,1,1,0.137931034482759,0.103448275862069,0.0315007149747341
"Pyrvinium","CN(C)C1=CC2=CC=C(C=CC3=C(C)N(C(C)=C3)C3=CC=CC=C3)[N+](C)=C2C=C1","Other",5.308,123.622,12.05,1,0,4,4,4,0,0.192,1,1,0.137931034482759,0.103448275862069,0.0315007149747341
"Pyrvinium","CN(C)C1=CC2=CC=C(C=CC3=C(C)N(C(C)=C3)C3=CC=CC=C3)[N+](C)=C2C=C1","Other",5.308,123.622,12.05,1,0,4,4,4,0,0.192,1,1,0.137931034482759,0.103448275862069,0.0315007149747341
"Pyrvinium","CN(C)C1=CC2=CC=C(C=CC3=C(C)N(C(C)=C3)C3=CC=CC=C3)[N+](C)=C2C=C1","mRNA",5.308,123.622,12.05,1,0,4,4,4,0,0.192,1,1,0.137931034482759,0.103448275862069,0.0315007149747341
"NVS-SM1","CC1(C)CC(CC(C)(C)[NH2+]1)OC1=CC=C(N=N1)C1=CC=C(C=C1O)C1=CNN=C1","mRNA",2.901,110.448,100.53,5,3,4,4,3,1,0.409,0,0.75,0.137931034482759,0.241379310344828,0.254829543294153
"NVS-SM1","CC1(C)CC(CC(C)(C)[NH2+]1)OC1=CC=C(N=N1)C1=CC=C(C=C1O)C1=CNN=C1","mRNA",2.901,110.448,100.53,5,3,4,4,3,1,0.409,0,0.75,0.137931034482759,0.241379310344828,0.254829543294153
"NVS-SM1","CC1(C)CC(CC(C)(C)[NH2+]1)OC1=CC=C(N=N1)C1=CC=C(C=C1O)C1=CNN=C1","Other",2.901,110.448,100.53,5,3,4,4,3,1,0.409,0,0.75,0.137931034482759,0.241379310344828,0.254829543294153
"NVS-SM1","CC1(C)CC(CC(C)(C)[NH2+]1)OC1=CC=C(N=N1)C1=CC=C(C=C1O)C1=CNN=C1","Other",2.901,110.448,100.53,5,3,4,4,3,1,0.409,0,0.75,0.137931034482759,0.241379310344828,0.254829543294153
"NVS-SM2","CN(C1CC(C)(C)[NH2+]C(C)(C)C1)C1=CC=C(N=N1)C1=CC=C(C=C1O)C1=CNN=C1","mRNA",2.959,118.223,94.54,5,3,4,4,3,1,0.435,0,0.75,0.133333333333333,0.233333333333333,0.231976090807819
"IRAB","C[NH+](C)CCCN1C(N)=[NH+]C2=CC=C3OC(C[NH+](C)C)=CC3=C12","Other",-1.037,91.488,67.11,2,3,6,3,3,0,0.471,0,1,0.260869565217391,0.260869565217391,0.210742828431911
"IRAB","C[NH+](C)CCCN1C(N)=[NH+]C2=CC=C3OC(C[NH+](C)C)=CC3=C12","HCV.IRES",-1.037,91.488,67.11,2,3,6,3,3,0,0.471,0,1,0.260869565217391,0.260869565217391,0.210742828431911
"IRAB","C[NH+](C)CCCN1C(N)=[NH+]C2=CC=C3OC(C[NH+](C)C)=CC3=C12","Other",-1.037,91.488,67.11,2,3,6,3,3,0,0.471,0,1,0.260869565217391,0.260869565217391,0.210742828431911
"Benzimidazole 3","C[NH+](C)CCCOC1=CC=C2[NH+]=C(N)N(CCC[NH+](C)C)C2=C1","HCV.IRES",-1.514,92.991,63.2,2,3,9,2,2,0,0.588,0,1,0.391304347826087,0.260869565217391,0.195982969328045
"Benzimidazole 3","C[NH+](C)CCCOC1=CC=C2[NH+]=C(N)N(CCC[NH+](C)C)C2=C1","Other",-1.514,92.991,63.2,2,3,9,2,2,0,0.588,0,1,0.391304347826087,0.260869565217391,0.195982969328045
"Benzimidazole 10","C[NH+](C)CCCOC1=CC=C2N=C3NCC(C[NH+](C)C)CN3C2=C1","HCV.IRES",-0.864,97.18,47.96,3,3,7,3,2,1,0.611,0,0.666666666666667,0.291666666666667,0.25,0.143816720642917
"Benzimidazole 10","C[NH+](C)CCCOC1=CC=C2N=C3NCC(C[NH+](C)C)CN3C2=C1","Other",-0.864,97.18,47.96,3,3,7,3,2,1,0.611,0,0.666666666666667,0.291666666666667,0.25,0.143816720642917
"Benzimidazole 11 / Isis-11","C[NH+](C)CCCN1C(N)=[NH+]C2=CC=C3OC(CC[NH+](C)C)CC3=C12","HCV.IRES",-1.59,95.616,63.2,2,3,7,3,2,1,0.611,0,0.666666666666667,0.291666666666667,0.25,0.188945492812896
"Benzimidazole 11 / Isis-11","C[NH+](C)CCCN1C(N)=[NH+]C2=CC=C3OC(CC[NH+](C)C)CC3=C12","HCV.IRES",-1.59,95.616,63.2,2,3,7,3,2,1,0.611,0,0.666666666666667,0.291666666666667,0.25,0.188945492812896
"Benzimidazole 11 / Isis-11","C[NH+](C)CCCN1C(N)=[NH+]C2=CC=C3OC(CC[NH+](C)C)CC3=C12","Other",-1.59,95.616,63.2,2,3,7,3,2,1,0.611,0,0.666666666666667,0.291666666666667,0.25,0.188945492812896
"Benzimidazole 12","C[NH+](C)CCCN1C(N)=[NH+]C2=CC=C3OCC(C[NH+](C)C)CC3=C12","HCV.IRES",-1.732,95.568,63.2,2,3,6,3,2,1,0.611,0,0.666666666666667,0.25,0.25,0.188945492812896
"Benzimidazole 12","C[NH+](C)CCCN1C(N)=[NH+]C2=CC=C3OCC(C[NH+](C)C)CC3=C12","Other",-1.732,95.568,63.2,2,3,6,3,2,1,0.611,0,0.666666666666667,0.25,0.25,0.188945492812896
"Benzimidazole 13 / Isis-13","C[NH+](C)CC1CNC2=[NH+]C3=CC=C4OCC(C[NH+](C)C)CC4=C3N2C1","Other",-1.663,98.518,49.21,2,3,4,4,2,2,0.632,0,0.5,0.16,0.24,0.142020611892098
"Benzimidazole 13 / Isis-13","C[NH+](C)CC1CNC2=[NH+]C3=CC=C4OCC(C[NH+](C)C)CC4=C3N2C1","HCV.IRES",-1.663,98.518,49.21,2,3,4,4,2,2,0.632,0,0.5,0.16,0.24,0.142020611892098
"Benzimidazole 13 / Isis-13","C[NH+](C)CC1CNC2=[NH+]C3=CC=C4OCC(C[NH+](C)C)CC4=C3N2C1","HCV.IRES",-1.663,98.518,49.21,2,3,4,4,2,2,0.632,0,0.5,0.16,0.24,0.142020611892098
"Benzimidazole 13 / Isis-13","C[NH+](C)CC1CNC2=[NH+]C3=CC=C4OCC(C[NH+](C)C)CC4=C3N2C1","Other",-1.663,98.518,49.21,2,3,4,4,2,2,0.632,0,0.5,0.16,0.24,0.142020611892098
"Isis-22","C[NH+](C)CC1CC2=C3N4CC(C[NH+](C)C)CNC4=[NH+]C3=CC=C2O1","HCV.IRES",-1.91,93.949,49.21,2,3,4,4,2,2,0.611,0,0.5,0.166666666666667,0.25,0.148012464207512
"Isis-22","C[NH+](C)CC1CC2=C3N4CC(C[NH+](C)C)CNC4=[NH+]C3=CC=C2O1","Other",-1.91,93.949,49.21,2,3,4,4,2,2,0.611,0,0.5,0.166666666666667,0.25,0.148012464207512
"DB213","C[NH+](C)CCCNC(=[NH2+])C1=CC=C(C=C1)C(=[NH2+])NCCC[NH+](C)C","HIV.TAR",-5.054,99.106,84.12,0,6,10,1,1,0,0.556,1,1,0.416666666666667,0.25,0.249964341748681
"DB213","C[NH+](C)CCCNC(=[NH2+])C1=CC=C(C=C1)C(=[NH2+])NCCC[NH+](C)C","Other",-5.054,99.106,84.12,0,6,10,1,1,0,0.556,1,1,0.416666666666667,0.25,0.249964341748681
"DB213","C[NH+](C)CCCNC(=[NH2+])C1=CC=C(C=C1)C(=[NH2+])NCCC[NH+](C)C","Other",-5.054,99.106,84.12,0,6,10,1,1,0,0.556,1,1,0.416666666666667,0.25,0.249964341748681
"DB213","C[NH+](C)CCCNC(=[NH2+])C1=CC=C(C=C1)C(=[NH2+])NCCC[NH+](C)C","HIV.TAR",-5.054,99.106,84.12,0,6,10,1,1,0,0.556,1,1,0.416666666666667,0.25,0.249964341748681
"DB213","C[NH+](C)CCCNC(=[NH2+])C1=CC=C(C=C1)C(=[NH2+])NCCC[NH+](C)C","Other",-5.054,99.106,84.12,0,6,10,1,1,0,0.556,1,1,0.416666666666667,0.25,0.249964341748681
"DB213","C[NH+](C)CCCNC(=[NH2+])C1=CC=C(C=C1)C(=[NH2+])NCCC[NH+](C)C","HIV.TAR",-5.054,99.106,84.12,0,6,10,1,1,0,0.556,1,1,0.416666666666667,0.25,0.249964341748681
"DB213","C[NH+](C)CCCNC(=[NH2+])C1=CC=C(C=C1)C(=[NH2+])NCCC[NH+](C)C","HIV.TAR",-5.054,99.106,84.12,0,6,10,1,1,0,0.556,1,1,0.416666666666667,0.25,0.249964341748681
"DB213","C[NH+](C)CCCNC(=[NH2+])C1=CC=C(C=C1)C(=[NH2+])NCCC[NH+](C)C","HIV.TAR",-5.054,99.106,84.12,0,6,10,1,1,0,0.556,1,1,0.416666666666667,0.25,0.249964341748681
"DB213","C[NH+](C)CCCNC(=[NH2+])C1=CC=C(C=C1)C(=[NH2+])NCCC[NH+](C)C","HIV.TAR",-5.054,99.106,84.12,0,6,10,1,1,0,0.556,1,1,0.416666666666667,0.25,0.249964341748681
"DB213","C[NH+](C)CCCNC(=[NH2+])C1=CC=C(C=C1)C(=[NH2+])NCCC[NH+](C)C","Repeat.RNA",-5.054,99.106,84.12,0,6,10,1,1,0,0.556,1,1,0.416666666666667,0.25,0.249964341748681
"DB213","C[NH+](C)CCCNC(=[NH2+])C1=CC=C(C=C1)C(=[NH2+])NCCC[NH+](C)C","Other",-5.054,99.106,84.12,0,6,10,1,1,0,0.556,1,1,0.416666666666667,0.25,0.249964341748681
"DB213","C[NH+](C)CCCNC(=[NH2+])C1=CC=C(C=C1)C(=[NH2+])NCCC[NH+](C)C","Other",-5.054,99.106,84.12,0,6,10,1,1,0,0.556,1,1,0.416666666666667,0.25,0.249964341748681
"DB213","C[NH+](C)CCCNC(=[NH2+])C1=CC=C(C=C1)C(=[NH2+])NCCC[NH+](C)C","Other",-5.054,99.106,84.12,0,6,10,1,1,0,0.556,1,1,0.416666666666667,0.25,0.249964341748681
"DB213","C[NH+](C)CCCNC(=[NH2+])C1=CC=C(C=C1)C(=[NH2+])NCCC[NH+](C)C","Other",-5.054,99.106,84.12,0,6,10,1,1,0,0.556,1,1,0.416666666666667,0.25,0.249964341748681
"DB213","C[NH+](C)CCCNC(=[NH2+])C1=CC=C(C=C1)C(=[NH2+])NCCC[NH+](C)C","Other",-5.054,99.106,84.12,0,6,10,1,1,0,0.556,1,1,0.416666666666667,0.25,0.249964341748681
"DB213","C[NH+](C)CCCNC(=[NH2+])C1=CC=C(C=C1)C(=[NH2+])NCCC[NH+](C)C","Other",-5.054,99.106,84.12,0,6,10,1,1,0,0.556,1,1,0.416666666666667,0.25,0.249964341748681
"DB213","C[NH+](C)CCCNC(=[NH2+])C1=CC=C(C=C1)C(=[NH2+])NCCC[NH+](C)C","Other",-5.054,99.106,84.12,0,6,10,1,1,0,0.556,1,1,0.416666666666667,0.25,0.249964341748681
"DB213","C[NH+](C)CCCNC(=[NH2+])C1=CC=C(C=C1)C(=[NH2+])NCCC[NH+](C)C","Other",-5.054,99.106,84.12,0,6,10,1,1,0,0.556,1,1,0.416666666666667,0.25,0.249964341748681
"DB213","C[NH+](C)CCCNC(=[NH2+])C1=CC=C(C=C1)C(=[NH2+])NCCC[NH+](C)C","Other",-5.054,99.106,84.12,0,6,10,1,1,0,0.556,1,1,0.416666666666667,0.25,0.249964341748681
"DB213","C[NH+](C)CCCNC(=[NH2+])C1=CC=C(C=C1)C(=[NH2+])NCCC[NH+](C)C","Other",-5.054,99.106,84.12,0,6,10,1,1,0,0.556,1,1,0.416666666666667,0.25,0.249964341748681
"DB213","C[NH+](C)CCCNC(=[NH2+])C1=CC=C(C=C1)C(=[NH2+])NCCC[NH+](C)C","Other",-5.054,99.106,84.12,0,6,10,1,1,0,0.556,1,1,0.416666666666667,0.25,0.249964341748681
"Clomiphene","CC[NH+](CC)CCOC1=CC=C(C=C1)C(=C(\Cl)C1=CC=CC=C1)\C1=CC=CC=C1","HIV.TAR",5.146,123.502,13.67,1,1,9,3,3,0,0.231,1,1,0.310344827586207,0.103448275862069,0.0335891217439806
"Clomiphene","CC[NH+](CC)CCOC1=CC=C(C=C1)C(=C(\Cl)C1=CC=CC=C1)\C1=CC=CC=C1","tRNA",5.146,123.502,13.67,1,1,9,3,3,0,0.231,1,1,0.310344827586207,0.103448275862069,0.0335891217439806
"Clomiphene","CC[NH+](CC)CCOC1=CC=C(C=C1)C(=C(\Cl)C1=CC=CC=C1)\C1=CC=CC=C1","HIV.TAR",5.146,123.502,13.67,1,1,9,3,3,0,0.231,1,1,0.310344827586207,0.103448275862069,0.0335891217439806
"Clomiphene","CC[NH+](CC)CCOC1=CC=C(C=C1)C(=C(\Cl)C1=CC=CC=C1)\C1=CC=CC=C1","HIV.TAR",5.146,123.502,13.67,1,1,9,3,3,0,0.231,1,1,0.310344827586207,0.103448275862069,0.0335891217439806
"Clomiphene","CC[NH+](CC)CCOC1=CC=C(C=C1)C(=C(\Cl)C1=CC=CC=C1)\C1=CC=CC=C1","HIV.TAR",5.146,123.502,13.67,1,1,9,3,3,0,0.231,1,1,0.310344827586207,0.103448275862069,0.0335891217439806
"Clomiphene","CC[NH+](CC)CCOC1=CC=C(C=C1)C(=C(\Cl)C1=CC=CC=C1)\C1=CC=CC=C1","Other",5.146,123.502,13.67,1,1,9,3,3,0,0.231,1,1,0.310344827586207,0.103448275862069,0.0335891217439806
"Cyproheptadine","C[NH+]1CCC(CC1)=C1C2=C(C=CC=C2)C=CC2=C1C=CC=C2","HIV.TAR",3.281,93.689,4.44,0,1,0,4,2,2,0.238,0,0.5,0,0.0454545454545455,0.0153945370197008
"Cyproheptadine","C[NH+]1CCC(CC1)=C1C2=C(C=CC=C2)C=CC2=C1C=CC=C2","tRNA",3.281,93.689,4.44,0,1,0,4,2,2,0.238,0,0.5,0,0.0454545454545455,0.0153945370197008
"Cyproheptadine","C[NH+]1CCC(CC1)=C1C2=C(C=CC=C2)C=CC2=C1C=CC=C2","HIV.TAR",3.281,93.689,4.44,0,1,0,4,2,2,0.238,0,0.5,0,0.0454545454545455,0.0153945370197008
"Cyproheptadine","C[NH+]1CCC(CC1)=C1C2=C(C=CC=C2)C=CC2=C1C=CC=C2","HIV.TAR",3.281,93.689,4.44,0,1,0,4,2,2,0.238,0,0.5,0,0.0454545454545455,0.0153945370197008
"Cyproheptadine","C[NH+]1CCC(CC1)=C1C2=C(C=CC=C2)C=CC2=C1C=CC=C2","HIV.TAR",3.281,93.689,4.44,0,1,0,4,2,2,0.238,0,0.5,0,0.0454545454545455,0.0153945370197008
"Cyproheptadine","C[NH+]1CCC(CC1)=C1C2=C(C=CC=C2)C=CC2=C1C=CC=C2","Other",3.281,93.689,4.44,0,1,0,4,2,2,0.238,0,0.5,0,0.0454545454545455,0.0153945370197008
"4478-7480","CCC1=C(C)C=C2C(N)=C(SC2=N1)C(=O)NC1=CC(=CC=C1)C(F)(F)F","HIV.TAR",5.02,97.545,68.01,4,2,3,3,3,0,0.222,1,1,0.115384615384615,0.307692307692308,0.179253413880081
"Aminoquinolone 7a","CC(C)(C)N1C=C(C([O-])=O)C(=O)C2=CC(N)=C(C=C12)N1CCN(CC1)C1=NC=CC=C1","HIV.TAR",1.424,120.61,107.52,7,1,3,4,3,1,0.348,0,0.75,0.0967741935483871,0.258064516129032,0.255699857072532
"Aminoquinolone 7a","CC(C)(C)N1C=C(C([O-])=O)C(=O)C2=CC(N)=C(C=C12)N1CCN(CC1)C1=NC=CC=C1","Other",1.424,120.61,107.52,7,1,3,4,3,1,0.348,0,0.75,0.0967741935483871,0.258064516129032,0.255699857072532
"Aminoquinolone 8a","NC1=C(C=C2N(C=C(C([O-])=O)C(=O)C2=C1)C1CC1)N1CCN(CC1)C1=NC=CC=C1","HIV.TAR",1.004,113.885,107.52,7,1,4,5,3,2,0.318,0,0.6,0.133333333333333,0.266666666666667,0.265842502163432
"Aminoquinolone 8a","NC1=C(C=C2N(C=C(C([O-])=O)C(=O)C2=C1)C1CC1)N1CCN(CC1)C1=NC=CC=C1","Other",1.004,113.885,107.52,7,1,4,5,3,2,0.318,0,0.6,0.133333333333333,0.266666666666667,0.265842502163432
"Aminoquinolone 22a","CN1C=C(C([O-])=O)C(=O)C2=CC(F)=C(C=C12)N1CCN(CC1)C1=NC=CC=C1","HIV.TAR",0.763,102.141,81.5,6,0,3,4,3,1,0.25,0,0.75,0.107142857142857,0.285714285714286,0.213693702197505
"Aminoquinolone 22a","CN1C=C(C([O-])=O)C(=O)C2=CC(F)=C(C=C12)N1CCN(CC1)C1=NC=CC=C1","Other",0.763,102.141,81.5,6,0,3,4,3,1,0.25,0,0.75,0.107142857142857,0.285714285714286,0.213693702197505
"WM5","CN1C=C(C([O-])=O)C(=O)C2=CC(N)=C(C=C12)N1CCN(CC1)C1=CC=CC=N1","HIV.TAR",0.206,106.595,107.52,7,1,3,4,3,1,0.25,0,0.75,0.107142857142857,0.285714285714286,0.284134752597698
"WM5","CN1C=C(C([O-])=O)C(=O)C2=CC(N)=C(C=C12)N1CCN(CC1)C1=CC=CC=N1","HIV.TAR",0.206,106.595,107.52,7,1,3,4,3,1,0.25,0,0.75,0.107142857142857,0.285714285714286,0.284134752597698
"WM5","CN1C=C(C([O-])=O)C(=O)C2=CC(N)=C(C=C12)N1CCN(CC1)C1=CC=CC=N1","HIV.TAR",0.206,106.595,107.52,7,1,3,4,3,1,0.25,0,0.75,0.107142857142857,0.285714285714286,0.284134752597698
"WM5","CN1C=C(C([O-])=O)C(=O)C2=CC(N)=C(C=C12)N1CCN(CC1)C1=CC=CC=N1","Other",0.206,106.595,107.52,7,1,3,4,3,1,0.25,0,0.75,0.107142857142857,0.285714285714286,0.284134752597698
"WM5","CN1C=C(C([O-])=O)C(=O)C2=CC(N)=C(C=C12)N1CCN(CC1)C1=CC=CC=N1","HIV.TAR",0.206,106.595,107.52,7,1,3,4,3,1,0.25,0,0.75,0.107142857142857,0.285714285714286,0.284134752597698
"WM5","CN1C=C(C([O-])=O)C(=O)C2=CC(N)=C(C=C12)N1CCN(CC1)C1=CC=CC=N1","Other",0.206,106.595,107.52,7,1,3,4,3,1,0.25,0,0.75,0.107142857142857,0.285714285714286,0.284134752597698
"DB60","C1C[NH+]=C(N1)C1=CC=C(C=C1)C1=CC=C(O1)C1=CC=C(C=C1)C1=[NH+]CCN1","HIV.TAR",-0.526,105.463,65.14,3,4,4,5,3,2,0.182,0,0.6,0.148148148148148,0.185185185185185,0.181729414554534
"DB60","C1C[NH+]=C(N1)C1=CC=C(C=C1)C1=CC=C(O1)C1=CC=C(C=C1)C1=[NH+]CCN1","HIV.TAR",-0.526,105.463,65.14,3,4,4,5,3,2,0.182,0,0.6,0.148148148148148,0.185185185185185,0.181729414554534
"DB75","NC(=[NH2+])C1=CC=C(C=C1)C1=CC=C(O1)C1=CC=C(C=C1)C(N)=[NH2+]","HIV.TAR",-0.458,90.024,116.36,1,4,4,3,3,0,0,0,1,0.173913043478261,0.217391304347826,0.379803439643045
"DB75","NC(=[NH2+])C1=CC=C(C=C1)C1=CC=C(O1)C1=CC=C(C=C1)C(N)=[NH2+]","HIV.TAR",-0.458,90.024,116.36,1,4,4,3,3,0,0,0,1,0.173913043478261,0.217391304347826,0.379803439643045
"DB75","NC(=[NH2+])C1=CC=C(C=C1)C1=CC=C(O1)C1=CC=C(C=C1)C(N)=[NH2+]","Repeat.RNA",-0.458,90.024,116.36,1,4,4,3,3,0,0,0,1,0.173913043478261,0.217391304347826,0.379803439643045
"DB75","NC(=[NH2+])C1=CC=C(C=C1)C1=CC=C(O1)C1=CC=C(C=C1)C(N)=[NH2+]","Other",-0.458,90.024,116.36,1,4,4,3,3,0,0,0,1,0.173913043478261,0.217391304347826,0.379803439643045
"DB75","NC(=[NH2+])C1=CC=C(C=C1)C1=CC=C(O1)C1=CC=C(C=C1)C(N)=[NH2+]","Other",-0.458,90.024,116.36,1,4,4,3,3,0,0,0,1,0.173913043478261,0.217391304347826,0.379803439643045
"DB75","NC(=[NH2+])C1=CC=C(C=C1)C1=CC=C(O1)C1=CC=C(C=C1)C(N)=[NH2+]","Repeat.RNA",-0.458,90.024,116.36,1,4,4,3,3,0,0,0,1,0.173913043478261,0.217391304347826,0.379803439643045
"DB75","NC(=[NH2+])C1=CC=C(C=C1)C1=CC=C(O1)C1=CC=C(C=C1)C(N)=[NH2+]","Other",-0.458,90.024,116.36,1,4,4,3,3,0,0,0,1,0.173913043478261,0.217391304347826,0.379803439643045
"DB75","NC(=[NH2+])C1=CC=C(C=C1)C1=CC=C(O1)C1=CC=C(C=C1)C(N)=[NH2+]","Other",-0.458,90.024,116.36,1,4,4,3,3,0,0,0,1,0.173913043478261,0.217391304347826,0.379803439643045
"DB75","NC(=[NH2+])C1=CC=C(C=C1)C1=CC=C(O1)C1=CC=C(C=C1)C(N)=[NH2+]","Other",-0.458,90.024,116.36,1,4,4,3,3,0,0,0,1,0.173913043478261,0.217391304347826,0.379803439643045
"Prochlorperazine","C[NH+]1CCN(CCCN2C3=CC=CC=C3SC3=CC=C(Cl)C=C23)CC1","HIV.TAR",3.163,106.701,10.92,3,1,4,4,2,2,0.4,0,0.5,0.16,0.2,0.0291230287949947
"Prochlorperazine","C[NH+]1CCN(CCCN2C3=CC=CC=C3SC3=CC=C(Cl)C=C23)CC1","HIV.TAR",3.163,106.701,10.92,3,1,4,4,2,2,0.4,0,0.5,0.16,0.2,0.0291230287949947
"Quinoxaline 3","NC1=NC2=CC=C(N)C(N)=C2C(N)=[NH+]1","HIV.TAR",-0.622,55.948,131.11,5,4,0,2,2,0,0,0,1,0,0.428571428571429,0.685657208003431
"Quinoxaline 3","NC1=NC2=CC=C(N)C(N)=C2C(N)=[NH+]1","HIV.TAR",-0.622,55.948,131.11,5,4,0,2,2,0,0,0,1,0,0.428571428571429,0.685657208003431
"Quinoxaline 3","NC1=NC2=CC=C(N)C(N)=C2C(N)=[NH+]1","Other",-0.622,55.948,131.11,5,4,0,2,2,0,0,0,1,0,0.428571428571429,0.685657208003431
"S-Amino Acid Conjugate 1b","CC(=O)NC1=NC(=CS1)C1=CC(NC(=O)[C@@H]([NH3+])CCCC[NH3+])=CC=C1","HIV.TAR",0.73,98.766,126.37,4,4,8,2,2,0,0.353,0,1,0.32,0.32,0.347660301468828
"S-Amino Acid Conjugate 1b","CC(=O)NC1=NC(=CS1)C1=CC(NC(=O)[C@@H]([NH3+])CCCC[NH3+])=CC=C1","tRNA",0.73,98.766,126.37,4,4,8,2,2,0,0.353,0,1,0.32,0.32,0.347660301468828
"S-Amino Acid Conjugate 1b","CC(=O)NC1=NC(=CS1)C1=CC(NC(=O)[C@@H]([NH3+])CCCC[NH3+])=CC=C1","HIV.TAR",0.73,98.766,126.37,4,4,8,2,2,0,0.353,0,1,0.32,0.32,0.347660301468828
"S-Amino Acid Conjugate 3b","CC(=O)NC1=NC(=CS1)C1=CC(NC(=O)[C@@H]([NH3+])CC2=CNC=N2)=CC=C1","HIV.TAR",1.283,99.451,127.41,5,4,6,3,3,0,0.176,0,1,0.230769230769231,0.346153846153846,0.343010827953458
"S-Amino Acid Conjugate 3b","CC(=O)NC1=NC(=CS1)C1=CC(NC(=O)[C@@H]([NH3+])CC2=CNC=N2)=CC=C1","tRNA",1.283,99.451,127.41,5,4,6,3,3,0,0.176,0,1,0.230769230769231,0.346153846153846,0.343010827953458
"S-Amino Acid Conjugate 3b","CC(=O)NC1=NC(=CS1)C1=CC(NC(=O)[C@@H]([NH3+])CC2=CNC=N2)=CC=C1","HIV.TAR",1.283,99.451,127.41,5,4,6,3,3,0,0.176,0,1,0.230769230769231,0.346153846153846,0.343010827953458
"ST4133609","CC1=CC=C2C(N)=C(SC2=N1)C(=O)NC1=CC(=CC=C1)C(F)(F)F","HIV.TAR",4.458,88.167,68.01,4,2,2,3,3,0,0.125,0,1,0.0833333333333333,0.333333333333333,0.193566014805623
"ST4133609","CC1=CC=C2C(N)=C(SC2=N1)C(=O)NC1=CC(=CC=C1)C(F)(F)F","HIV.TAR",4.458,88.167,68.01,4,2,2,3,3,0,0.125,0,1,0.0833333333333333,0.333333333333333,0.193566014805623
"ST4133609","CC1=CC=C2C(N)=C(SC2=N1)C(=O)NC1=CC(=CC=C1)C(F)(F)F","HIV.TAR",4.458,88.167,68.01,4,2,2,3,3,0,0.125,0,1,0.0833333333333333,0.333333333333333,0.193566014805623
"DPQ","COC1=CC2=NC(=NC(N)=C2C=C1OC)N1CC[NH2+]CC1","Viral.RNA",-0.387,80.927,90.11,6,2,3,3,2,1,0.429,0,0.666666666666667,0.142857142857143,0.333333333333333,0.310352784771325
"DPQ","COC1=CC2=NC(=NC(N)=C2C=C1OC)N1CC[NH2+]CC1","Other",-0.387,80.927,90.11,6,2,3,3,2,1,0.429,0,0.666666666666667,0.142857142857143,0.333333333333333,0.310352784771325
"DPQ 6","CCC(=O)N1CCN(CC1)C1=NC(N)=C2C=C(OC)C(OC)=CC2=[NH+]1","Viral.RNA",0.707,94.899,95.06,6,1,4,3,2,1,0.471,0,0.666666666666667,0.16,0.32,0.274413918726599
"DPQ 6","CCC(=O)N1CCN(CC1)C1=NC(N)=C2C=C(OC)C(OC)=CC2=[NH+]1","Other",0.707,94.899,95.06,6,1,4,3,2,1,0.471,0,0.666666666666667,0.16,0.32,0.274413918726599
"DPQ 7","COC1=CC2=[NH+]C(=NC(N)=C2C=C1OC)N1CCN(CC1)C(=O)C(C)C","Viral.RNA",0.953,99.446,95.06,6,1,4,3,2,1,0.5,0,0.666666666666667,0.153846153846154,0.307692307692308,0.263734678363547
"DPQ 7","COC1=CC2=[NH+]C(=NC(N)=C2C=C1OC)N1CCN(CC1)C(=O)C(C)C","Other",0.953,99.446,95.06,6,1,4,3,2,1,0.5,0,0.666666666666667,0.153846153846154,0.307692307692308,0.263734678363547
"DPQ 8","CCCC(=O)N1CCN(CC1)C1=NC(N)=C2C=C(OC)C(OC)=CC2=[NH+]1","Viral.RNA",1.097,99.516,95.06,6,1,5,3,2,1,0.5,0,0.666666666666667,0.192307692307692,0.307692307692308,0.263734678363547
"DPQ 8","CCCC(=O)N1CCN(CC1)C1=NC(N)=C2C=C(OC)C(OC)=CC2=[NH+]1","Other",1.097,99.516,95.06,6,1,5,3,2,1,0.5,0,0.666666666666667,0.192307692307692,0.307692307692308,0.263734678363547
"DPQ 10","COC1=CC2=[NH+]C(=NC(N)=C2C=C1OC)N1CCN(CC1)C(=O)C1CC1","Viral.RNA",0.707,97.332,95.06,6,1,4,4,2,2,0.5,0,0.5,0.153846153846154,0.307692307692308,0.265218094871409
"DPQ 10","COC1=CC2=[NH+]C(=NC(N)=C2C=C1OC)N1CCN(CC1)C(=O)C1CC1","Other",0.707,97.332,95.06,6,1,4,4,2,2,0.5,0,0.5,0.153846153846154,0.307692307692308,0.265218094871409
"Kaempferol","OC1=CC=C(C=C1)C1OC2=CC([O-])=CC(=O)C2=C(O)C1=O","Other",0.555,67.768,106.89,6,2,1,3,1,2,0.067,0,0.333333333333333,0.0476190476190476,0.285714285714286,0.374748887743618
"Kaempferol","OC1=CC=C(C=C1)C1OC2=CC([O-])=CC(=O)C2=C(O)C1=O","Other",0.555,67.768,106.89,6,2,1,3,1,2,0.067,0,0.333333333333333,0.0476190476190476,0.285714285714286,0.374748887743618
"Kaempferol","OC1=CC=C(C=C1)C1OC2=CC([O-])=CC(=O)C2=C(O)C1=O","Other",0.555,67.768,106.89,6,2,1,3,1,2,0.067,0,0.333333333333333,0.0476190476190476,0.285714285714286,0.374748887743618
"Kaempferol","OC1=CC=C(C=C1)C1OC2=CC([O-])=CC(=O)C2=C(O)C1=O","Other",0.555,67.768,106.89,6,2,1,3,1,2,0.067,0,0.333333333333333,0.0476190476190476,0.285714285714286,0.374748887743618
"Compound 43 (MTDB)","CCOC(=O)C1=CC=CC=C1NC(=O)N1CCCN(CC2=CSC(C)=N2)CC1","Viral.RNA",3.368,109.735,74.77,6,1,5,3,2,1,0.45,0,0.666666666666667,0.178571428571429,0.285714285714286,0.185754745105833
"Compound 43 (MTDB)","CCOC(=O)C1=CC=CC=C1NC(=O)N1CCCN(CC2=CSC(C)=N2)CC1","Viral.RNA",3.368,109.735,74.77,6,1,5,3,2,1,0.45,0,0.666666666666667,0.178571428571429,0.285714285714286,0.185754745105833
"Compound 43 (MTDB)","CCOC(=O)C1=CC=CC=C1NC(=O)N1CCCN(CC2=CSC(C)=N2)CC1","Other",3.368,109.735,74.77,6,1,5,3,2,1,0.45,0,0.666666666666667,0.178571428571429,0.285714285714286,0.185754745105833
"Compound 43 (MTDB)","CCOC(=O)C1=CC=CC=C1NC(=O)N1CCCN(CC2=CSC(C)=N2)CC1","Other",3.368,109.735,74.77,6,1,5,3,2,1,0.45,0,0.666666666666667,0.178571428571429,0.285714285714286,0.185754745105833
"Compound 43 (MTDB)","CCOC(=O)C1=CC=CC=C1NC(=O)N1CCCN(CC2=CSC(C)=N2)CC1","Viral.RNA",3.368,109.735,74.77,6,1,5,3,2,1,0.45,0,0.666666666666667,0.178571428571429,0.285714285714286,0.185754745105833
"Compound 1 (2017)","CC[NH+](CC)CCOC1=CC=C(NC2=C3C=CC=CC3=NC(=N2)C2=C(NC(=O)CC[NH+]3CCN(C)CC3)C=CC=C2)C=C1","HCV.IRES",2.503,173.413,88.26,6,4,13,5,4,1,0.382,1,0.8,0.302325581395349,0.209302325581395,0.15118683204832
"Compound 1 (2017)","CC[NH+](CC)CCOC1=CC=C(NC2=C3C=CC=CC3=NC(=N2)C2=C(NC(=O)CC[NH+]3CCN(C)CC3)C=CC=C2)C=C1","HCV.IRES",2.503,173.413,88.26,6,4,13,5,4,1,0.382,1,0.8,0.302325581395349,0.209302325581395,0.15118683204832
"Compound 1 (2017)","CC[NH+](CC)CCOC1=CC=C(NC2=C3C=CC=CC3=NC(=N2)C2=C(NC(=O)CC[NH+]3CCN(C)CC3)C=CC=C2)C=C1","HCV.IRES",2.503,173.413,88.26,6,4,13,5,4,1,0.382,1,0.8,0.302325581395349,0.209302325581395,0.15118683204832
"Compound 1 (2017)","CC[NH+](CC)CCOC1=CC=C(NC2=C3C=CC=CC3=NC(=N2)C2=C(NC(=O)CC[NH+]3CCN(C)CC3)C=CC=C2)C=C1","Other",2.503,173.413,88.26,6,4,13,5,4,1,0.382,1,0.8,0.302325581395349,0.209302325581395,0.15118683204832
"Compound 1 (2017)","CC[NH+](CC)CCOC1=CC=C(NC2=C3C=CC=CC3=NC(=N2)C2=C(NC(=O)CC[NH+]3CCN(C)CC3)C=CC=C2)C=C1","HCV.IRES",2.503,173.413,88.26,6,4,13,5,4,1,0.382,1,0.8,0.302325581395349,0.209302325581395,0.15118683204832
"Compound 1 (2017)","CC[NH+](CC)CCOC1=CC=C(NC2=C3C=CC=CC3=NC(=N2)C2=C(NC(=O)CC[NH+]3CCN(C)CC3)C=CC=C2)C=C1","G.Quadruplex",2.503,173.413,88.26,6,4,13,5,4,1,0.382,1,0.8,0.302325581395349,0.209302325581395,0.15118683204832
"Targapremir-18a","C[NH+]1CCN(CC1)C1=CC=C(C=C1)C1=CC=C2NC(=NC2=C1)C1=CC(=C(OCCCC(=O)NCCCN=[N+]=[N-])C(=C1)C(C)(C)C)C(C)(C)C","miRNA",6.802,199.568,123.45,5,3,12,5,4,1,0.487,2,0.8,0.244897959183673,0.204081632653061,0.185386247629173
"Targapremir-18a","C[NH+]1CCN(CC1)C1=CC=C(C=C1)C1=CC=C2NC(=NC2=C1)C1=CC(=C(OCCCC(=O)NCCCN=[N+]=[N-])C(=C1)C(C)(C)C)C(C)(C)C","miRNA",6.802,199.568,123.45,5,3,12,5,4,1,0.487,2,0.8,0.244897959183673,0.204081632653061,0.185386247629173
"Targapremir-18a","C[NH+]1CCN(CC1)C1=CC=C(C=C1)C1=CC=C2NC(=NC2=C1)C1=CC(=C(OCCCC(=O)NCCCN=[N+]=[N-])C(=C1)C(C)(C)C)C(C)(C)C","miRNA",6.802,199.568,123.45,5,3,12,5,4,1,0.487,2,0.8,0.244897959183673,0.204081632653061,0.185386247629173
"Targapremir-18a","C[NH+]1CCN(CC1)C1=CC=C(C=C1)C1=CC=C2NC(=NC2=C1)C1=CC(=C(OCCCC(=O)NCCCN=[N+]=[N-])C(=C1)C(C)(C)C)C(C)(C)C","Other",6.802,199.568,123.45,5,3,12,5,4,1,0.487,2,0.8,0.244897959183673,0.204081632653061,0.185386247629173
"Targapremir-18a","C[NH+]1CCN(CC1)C1=CC=C(C=C1)C1=CC=C2NC(=NC2=C1)C1=CC(=C(OCCCC(=O)NCCCN=[N+]=[N-])C(=C1)C(C)(C)C)C(C)(C)C","Other",6.802,199.568,123.45,5,3,12,5,4,1,0.487,2,0.8,0.244897959183673,0.204081632653061,0.185386247629173
"Targapremir-210","C[NH+]1CCN(CC1)C1=CC=C2NC(=NC2=C1)C1=CC=C2NC(=NC2=C1)C1=CC=CC(OCCCC(=O)NCCCN=[N+]=[N-])=C1","miRNA",4.084,171.82,152.13,6,4,12,6,5,1,0.344,1,0.833333333333333,0.272727272727273,0.272727272727273,0.256233620114668
"Targapremir-210","C[NH+]1CCN(CC1)C1=CC=C2NC(=NC2=C1)C1=CC=C2NC(=NC2=C1)C1=CC=CC(OCCCC(=O)NCCCN=[N+]=[N-])=C1","Other",4.084,171.82,152.13,6,4,12,6,5,1,0.344,1,0.833333333333333,0.272727272727273,0.272727272727273,0.256233620114668
"Targapremir-210","C[NH+]1CCN(CC1)C1=CC=C2NC(=NC2=C1)C1=CC=C2NC(=NC2=C1)C1=CC=CC(OCCCC(=O)NCCCN=[N+]=[N-])=C1","Other",4.084,171.82,152.13,6,4,12,6,5,1,0.344,1,0.833333333333333,0.272727272727273,0.272727272727273,0.256233620114668
"Compound 2ab","CC(=O)C1=CC=C(C=C1)C(=O)N[C@@H](CCCC[NH3+])C(=O)N1C[C@@H]([NH3+])C[C@@H]([NH3+])C1","HCV.IRES",-2.147,103.856,149.4,3,4,8,2,1,1,0.55,0,0.5,0.285714285714286,0.285714285714286,0.38061366948263
"NSC260594","C[N+]1=CC=C(NC2=CC=C(NC(=O)C3=CC=C(NC4=CC=[N+](C)C5=CC=C(C=C45)[N+]([O-])=O)C=C3)C=C2)C=C1","HIV.TAR",5.137,146.799,104.06,5,3,7,5,5,0,0.069,2,1,0.184210526315789,0.236842105263158,0.205422393133373
"NSC260594","C[N+]1=CC=C(NC2=CC=C(NC(=O)C3=CC=C(NC4=CC=[N+](C)C5=CC=C(C=C45)[N+]([O-])=O)C=C3)C=C2)C=C1","Other",5.137,146.799,104.06,5,3,7,5,5,0,0.069,2,1,0.184210526315789,0.236842105263158,0.205422393133373
"NSC260594","C[N+]1=CC=C(NC2=CC=C(NC(=O)C3=CC=C(NC4=CC=[N+](C)C5=CC=C(C=C45)[N+]([O-])=O)C=C3)C=C2)C=C1","Other",5.137,146.799,104.06,5,3,7,5,5,0,0.069,2,1,0.184210526315789,0.236842105263158,0.205422393133373
"NSC260594","C[N+]1=CC=C(NC2=CC=C(NC(=O)C3=CC=C(NC4=CC=[N+](C)C5=CC=C(C=C45)[N+]([O-])=O)C=C3)C=C2)C=C1","Other",5.137,146.799,104.06,5,3,7,5,5,0,0.069,2,1,0.184210526315789,0.236842105263158,0.205422393133373
"NSC260594","C[N+]1=CC=C(NC2=CC=C(NC(=O)C3=CC=C(NC4=CC=[N+](C)C5=CC=C(C=C45)[N+]([O-])=O)C=C3)C=C2)C=C1","Other",5.137,146.799,104.06,5,3,7,5,5,0,0.069,2,1,0.184210526315789,0.236842105263158,0.205422393133373
"NSC260594","C[N+]1=CC=C(NC2=CC=C(NC(=O)C3=CC=C(NC4=CC=[N+](C)C5=CC=C(C=C45)[N+]([O-])=O)C=C3)C=C2)C=C1","Other",5.137,146.799,104.06,5,3,7,5,5,0,0.069,2,1,0.184210526315789,0.236842105263158,0.205422393133373
"p-Terphenyl 6b","COC1=CC(CC[NH3+])=C(C(CC[NH3+])=C1)C1=CC(C)=C(C(C)=C1)C1=CC(CC[NH3+])=C(O)C(CC[NH3+])=C1","HIV.TAR",0.489,140.841,140.02,2,5,11,3,3,0,0.379,0,1,0.314285714285714,0.171428571428571,0.291285362712894
"p-Terphenyl 6b","COC1=CC(CC[NH3+])=C(C(CC[NH3+])=C1)C1=CC(C)=C(C(C)=C1)C1=CC(CC[NH3+])=C(O)C(CC[NH3+])=C1","HIV.TAR",0.489,140.841,140.02,2,5,11,3,3,0,0.379,0,1,0.314285714285714,0.171428571428571,0.291285362712894
"p-Terphenyl 6b","COC1=CC(CC[NH3+])=C(C(CC[NH3+])=C1)C1=CC(C)=C(C(C)=C1)C1=CC(CC[NH3+])=C(O)C(CC[NH3+])=C1","HIV.TAR",0.489,140.841,140.02,2,5,11,3,3,0,0.379,0,1,0.314285714285714,0.171428571428571,0.291285362712894
"p-Terphenyl 6b","COC1=CC(CC[NH3+])=C(C(CC[NH3+])=C1)C1=CC(C)=C(C(C)=C1)C1=CC(CC[NH3+])=C(O)C(CC[NH3+])=C1","Other",0.489,140.841,140.02,2,5,11,3,3,0,0.379,0,1,0.314285714285714,0.171428571428571,0.291285362712894
"p-Terphenyl 6b","COC1=CC(CC[NH3+])=C(C(CC[NH3+])=C1)C1=CC(C)=C(C(C)=C1)C1=CC(CC[NH3+])=C(O)C(CC[NH3+])=C1","HIV.TAR",0.489,140.841,140.02,2,5,11,3,3,0,0.379,0,1,0.314285714285714,0.171428571428571,0.291285362712894
"Phenylquinolone 5","CN1C(=CC(=O)C2=CC=CC=C12)C1=CC=C(OCCC[NH+]2CCCCC2)C(N)=C1","HIV.TAR",2.625,118.564,61.69,3,2,6,4,3,1,0.375,0,0.75,0.206896551724138,0.172413793103448,0.157162764984472
"Phenylquinolone 5","CN1C(=CC(=O)C2=CC=CC=C12)C1=CC=C(OCCC[NH+]2CCCCC2)C(N)=C1","Other",2.625,118.564,61.69,3,2,6,4,3,1,0.375,0,0.75,0.206896551724138,0.172413793103448,0.157162764984472
"Phenylquinolone 6","CN1C(=CC(=O)C2=CC=CC=C12)C1=CC=C(OCCCN2CC[NH+](C)CC2)C(N)=C1","HIV.TAR",1.387,122.21,64.93,4,2,6,4,3,1,0.375,0,0.75,0.2,0.2,0.159322566239222
"Phenylquinolone 6","CN1C(=CC(=O)C2=CC=CC=C12)C1=CC=C(OCCCN2CC[NH+](C)CC2)C(N)=C1","Other",1.387,122.21,64.93,4,2,6,4,3,1,0.375,0,0.75,0.2,0.2,0.159322566239222
"Guanine Analog 25f","O=C1NC(NC2CCCCC2)=NC2=C1N=CN2","Riboswitch",1.391,65.005,86.46,4,3,2,3,2,1,0.545,0,0.666666666666667,0.117647058823529,0.352941176470588,0.370635516021863
"Guanine Analog 25f","O=C1NC(NC2CCCCC2)=NC2=C1N=CN2","Other",1.391,65.005,86.46,4,3,2,3,2,1,0.545,0,0.666666666666667,0.117647058823529,0.352941176470588,0.370635516021863
"Lysine Analog 8","[NH3+]CCS(=O)(=O)C[C@H]([NH3+])C([O-])=O","Riboswitch",-4.996,38.092,129.55,4,2,5,0,0,0,0.8,0,0,0.416666666666667,0.583333333333333,0.656827354032732
"Lysine Analog 8","[NH3+]CCS(=O)(=O)C[C@H]([NH3+])C([O-])=O","Riboswitch",-4.996,38.092,129.55,4,2,5,0,0,0,0.8,0,0,0.416666666666667,0.583333333333333,0.656827354032732
"Lysine Analog 8","[NH3+]CCS(=O)(=O)C[C@H]([NH3+])C([O-])=O","Riboswitch",-4.996,38.092,129.55,4,2,5,0,0,0,0.8,0,0,0.416666666666667,0.583333333333333,0.656827354032732
"Lysine Analog 8","[NH3+]CCS(=O)(=O)C[C@H]([NH3+])C([O-])=O","Other",-4.996,38.092,129.55,4,2,5,0,0,0,0.8,0,0,0.416666666666667,0.583333333333333,0.656827354032732
"Lysine Analog 9","[NH3+]CCOC[C@H]([NH3+])C([O-])=O","Riboswitch",-4.395,30.257,104.64,3,2,5,0,0,0,0.8,0,0,0.5,0.5,0.701481531138969
"Lysine Analog 9","[NH3+]CCOC[C@H]([NH3+])C([O-])=O","Riboswitch",-4.395,30.257,104.64,3,2,5,0,0,0,0.8,0,0,0.5,0.5,0.701481531138969
"Lysine Analog 9","[NH3+]CCOC[C@H]([NH3+])C([O-])=O","Riboswitch",-4.395,30.257,104.64,3,2,5,0,0,0,0.8,0,0,0.5,0.5,0.701481531138969
"Lysine Analog 9","[NH3+]CCOC[C@H]([NH3+])C([O-])=O","Other",-4.395,30.257,104.64,3,2,5,0,0,0,0.8,0,0,0.5,0.5,0.701481531138969
"Lysine Analog 11","[NH3+]C\C=C\CC([NH3+])C([O-])=O","Riboswitch",-3.465,33.195,95.41,2,2,4,0,0,0,0.5,0,0,0.4,0.4,0.657175131903404
"Lysine Analog 11","[NH3+]C\C=C\CC([NH3+])C([O-])=O","Other",-3.465,33.195,95.41,2,2,4,0,0,0,0.5,0,0,0.4,0.4,0.657175131903404
"GQC-05","C[NH+](C)CCOC1=CC2=C(NC3=C2C(C)=C2C=NC=CC2=C3C)C=C1","mRNA",3.009,103.752,42.35,2,2,4,4,4,0,0.286,0,1,0.16,0.16,0.126628453877043
"GQC-05","C[NH+](C)CCOC1=CC2=C(NC3=C2C(C)=C2C=NC=CC2=C3C)C=C1","mRNA",3.009,103.752,42.35,2,2,4,4,4,0,0.286,0,1,0.16,0.16,0.126628453877043
"GQC-05","C[NH+](C)CCOC1=CC2=C(NC3=C2C(C)=C2C=NC=CC2=C3C)C=C1","mRNA",3.009,103.752,42.35,2,2,4,4,4,0,0.286,0,1,0.16,0.16,0.126628453877043
"EBAB","NC(=[NH2+])C1=CC=C(NCCNC2=CC=C(C=C2)C(N)=[NH2+])C=C1","Repeat.RNA",-1.861,90.307,127.28,2,6,7,2,2,0,0.125,1,1,0.318181818181818,0.272727272727273,0.426550131705061
"EBAB","NC(=[NH2+])C1=CC=C(NCCNC2=CC=C(C=C2)C(N)=[NH2+])C=C1","Other",-1.861,90.307,127.28,2,6,7,2,2,0,0.125,1,1,0.318181818181818,0.272727272727273,0.426550131705061
"Pentamidine-Like Compound 2-5","CC(=O)NC1=CC=CC(NC(=O)C2=CSC(NC(=O)C3=CC=C(Cl)C=C3)=N2)=C1","Repeat.RNA",4.26,110.218,100.19,5,3,5,3,3,0,0.053,0,1,0.178571428571429,0.321428571428571,0.241495008122948
"Pentamidine-Like Compound 2-5","CC(=O)NC1=CC=CC(NC(=O)C2=CSC(NC(=O)C3=CC=C(Cl)C=C3)=N2)=C1","Repeat.RNA",4.26,110.218,100.19,5,3,5,3,3,0,0.053,0,1,0.178571428571429,0.321428571428571,0.241495008122948
"Pentamidine-Like Compound 2-5","CC(=O)NC1=CC=CC(NC(=O)C2=CSC(NC(=O)C3=CC=C(Cl)C=C3)=N2)=C1","Repeat.RNA",4.26,110.218,100.19,5,3,5,3,3,0,0.053,0,1,0.178571428571429,0.321428571428571,0.241495008122948
"DB1246","NC(=[NH2+])C1=CC=C(N=C1)C1=CC=C(O1)C1=CC=C(O1)C1=NC=C(C=C1)C(N)=[NH2+]","G.Quadruplex",-0.408,103.316,155.28,4,4,5,4,4,0,0,0,1,0.178571428571429,0.285714285714286,0.414739158769671
"DB1246","NC(=[NH2+])C1=CC=C(N=C1)C1=CC=C(O1)C1=CC=C(O1)C1=NC=C(C=C1)C(N)=[NH2+]","G.Quadruplex",-0.408,103.316,155.28,4,4,5,4,4,0,0,0,1,0.178571428571429,0.285714285714286,0.414739158769671
"DB1246","NC(=[NH2+])C1=CC=C(N=C1)C1=CC=C(O1)C1=CC=C(O1)C1=NC=C(C=C1)C(N)=[NH2+]","G.Quadruplex",-0.408,103.316,155.28,4,4,5,4,4,0,0,0,1,0.178571428571429,0.285714285714286,0.414739158769671
"DB1246","NC(=[NH2+])C1=CC=C(N=C1)C1=CC=C(O1)C1=CC=C(O1)C1=NC=C(C=C1)C(N)=[NH2+]","G.Quadruplex",-0.408,103.316,155.28,4,4,5,4,4,0,0,0,1,0.178571428571429,0.285714285714286,0.414739158769671
"DB1246","NC(=[NH2+])C1=CC=C(N=C1)C1=CC=C(O1)C1=CC=C(O1)C1=NC=C(C=C1)C(N)=[NH2+]","G.Quadruplex",-0.408,103.316,155.28,4,4,5,4,4,0,0,0,1,0.178571428571429,0.285714285714286,0.414739158769671
"DB1246","NC(=[NH2+])C1=CC=C(N=C1)C1=CC=C(O1)C1=CC=C(O1)C1=NC=C(C=C1)C(N)=[NH2+]","Other",-0.408,103.316,155.28,4,4,5,4,4,0,0,0,1,0.178571428571429,0.285714285714286,0.414739158769671
"DB1247","NC(=[NH2+])C1=CC=C(N=C1)C1=CC=C(S1)C1=CC=C(S1)C1=NC=C(C=C1)C(N)=[NH2+]","G.Quadruplex",0.529,114.538,129,4,4,5,4,4,0,0,0,1,0.178571428571429,0.285714285714286,0.317311949623653
"DB1247","NC(=[NH2+])C1=CC=C(N=C1)C1=CC=C(S1)C1=CC=C(S1)C1=NC=C(C=C1)C(N)=[NH2+]","G.Quadruplex",0.529,114.538,129,4,4,5,4,4,0,0,0,1,0.178571428571429,0.285714285714286,0.317311949623653
"DB1247","NC(=[NH2+])C1=CC=C(N=C1)C1=CC=C(S1)C1=CC=C(S1)C1=NC=C(C=C1)C(N)=[NH2+]","G.Quadruplex",0.529,114.538,129,4,4,5,4,4,0,0,0,1,0.178571428571429,0.285714285714286,0.317311949623653
"DB1247","NC(=[NH2+])C1=CC=C(N=C1)C1=CC=C(S1)C1=CC=C(S1)C1=NC=C(C=C1)C(N)=[NH2+]","G.Quadruplex",0.529,114.538,129,4,4,5,4,4,0,0,0,1,0.178571428571429,0.285714285714286,0.317311949623653
"DB1247","NC(=[NH2+])C1=CC=C(N=C1)C1=CC=C(S1)C1=CC=C(S1)C1=NC=C(C=C1)C(N)=[NH2+]","G.Quadruplex",0.529,114.538,129,4,4,5,4,4,0,0,0,1,0.178571428571429,0.285714285714286,0.317311949623653
"DB1247","NC(=[NH2+])C1=CC=C(N=C1)C1=CC=C(S1)C1=CC=C(S1)C1=NC=C(C=C1)C(N)=[NH2+]","Other",0.529,114.538,129,4,4,5,4,4,0,0,0,1,0.178571428571429,0.285714285714286,0.317311949623653
"DB1273","NC(=[NH2+])C1=CC=C(N=C1)C1=CC=C([Se]1)C1=CC=C([Se]1)C1=NC=C(C=C1)C(N)=[NH2+]","G.Quadruplex",-1.48,112.664,129,2,4,5,4,4,0,0,1,1,0.178571428571429,0.285714285714286,0.257831893605369
"DB1273","NC(=[NH2+])C1=CC=C(N=C1)C1=CC=C([Se]1)C1=CC=C([Se]1)C1=NC=C(C=C1)C(N)=[NH2+]","G.Quadruplex",-1.48,112.664,129,2,4,5,4,4,0,0,1,1,0.178571428571429,0.285714285714286,0.257831893605369
"DB1273","NC(=[NH2+])C1=CC=C(N=C1)C1=CC=C([Se]1)C1=CC=C([Se]1)C1=NC=C(C=C1)C(N)=[NH2+]","G.Quadruplex",-1.48,112.664,129,2,4,5,4,4,0,0,1,1,0.178571428571429,0.285714285714286,0.257831893605369
"DB1273","NC(=[NH2+])C1=CC=C(N=C1)C1=CC=C([Se]1)C1=CC=C([Se]1)C1=NC=C(C=C1)C(N)=[NH2+]","G.Quadruplex",-1.48,112.664,129,2,4,5,4,4,0,0,1,1,0.178571428571429,0.285714285714286,0.257831893605369
"DB1273","NC(=[NH2+])C1=CC=C(N=C1)C1=CC=C([Se]1)C1=CC=C([Se]1)C1=NC=C(C=C1)C(N)=[NH2+]","Other",-1.48,112.664,129,2,4,5,4,4,0,0,1,1,0.178571428571429,0.285714285714286,0.257831893605369
"Myricetin","OC1=CC(=CC(O)=C1O)C1OC2=CC([O-])=CC(=O)C2=C(O)C1=O","Repeat.RNA",-0.033,71.097,147.35,8,4,1,3,1,2,0.067,0,0.333333333333333,0.0434782608695652,0.347826086956522,0.464490951331688
"Myricetin","OC1=CC(=CC(O)=C1O)C1OC2=CC([O-])=CC(=O)C2=C(O)C1=O","Repeat.RNA",-0.033,71.097,147.35,8,4,1,3,1,2,0.067,0,0.333333333333333,0.0434782608695652,0.347826086956522,0.464490951331688
"Myricetin","OC1=CC(=CC(O)=C1O)C1OC2=CC([O-])=CC(=O)C2=C(O)C1=O","Repeat.RNA",-0.033,71.097,147.35,8,4,1,3,1,2,0.067,0,0.333333333333333,0.0434782608695652,0.347826086956522,0.464490951331688
"Myricetin","OC1=CC(=CC(O)=C1O)C1OC2=CC([O-])=CC(=O)C2=C(O)C1=O","Repeat.RNA",-0.033,71.097,147.35,8,4,1,3,1,2,0.067,0,0.333333333333333,0.0434782608695652,0.347826086956522,0.464490951331688
"Myricetin","OC1=CC(=CC(O)=C1O)C1OC2=CC([O-])=CC(=O)C2=C(O)C1=O","Repeat.RNA",-0.033,71.097,147.35,8,4,1,3,1,2,0.067,0,0.333333333333333,0.0434782608695652,0.347826086956522,0.464490951331688
"Myricetin","OC1=CC(=CC(O)=C1O)C1OC2=CC([O-])=CC(=O)C2=C(O)C1=O","Repeat.RNA",-0.033,71.097,147.35,8,4,1,3,1,2,0.067,0,0.333333333333333,0.0434782608695652,0.347826086956522,0.464490951331688
"Myricetin","OC1=CC(=CC(O)=C1O)C1OC2=CC([O-])=CC(=O)C2=C(O)C1=O","Repeat.RNA",-0.033,71.097,147.35,8,4,1,3,1,2,0.067,0,0.333333333333333,0.0434782608695652,0.347826086956522,0.464490951331688
"Myricetin","OC1=CC(=CC(O)=C1O)C1OC2=CC([O-])=CC(=O)C2=C(O)C1=O","Repeat.RNA",-0.033,71.097,147.35,8,4,1,3,1,2,0.067,0,0.333333333333333,0.0434782608695652,0.347826086956522,0.464490951331688
"Myricetin","OC1=CC(=CC(O)=C1O)C1OC2=CC([O-])=CC(=O)C2=C(O)C1=O","Other",-0.033,71.097,147.35,8,4,1,3,1,2,0.067,0,0.333333333333333,0.0434782608695652,0.347826086956522,0.464490951331688
"Myricetin","OC1=CC(=CC(O)=C1O)C1OC2=CC([O-])=CC(=O)C2=C(O)C1=O","Repeat.RNA",-0.033,71.097,147.35,8,4,1,3,1,2,0.067,0,0.333333333333333,0.0434782608695652,0.347826086956522,0.464490951331688
"Myricetin","OC1=CC(=CC(O)=C1O)C1OC2=CC([O-])=CC(=O)C2=C(O)C1=O","Repeat.RNA",-0.033,71.097,147.35,8,4,1,3,1,2,0.067,0,0.333333333333333,0.0434782608695652,0.347826086956522,0.464490951331688
"Myricetin","OC1=CC(=CC(O)=C1O)C1OC2=CC([O-])=CC(=O)C2=C(O)C1=O","Repeat.RNA",-0.033,71.097,147.35,8,4,1,3,1,2,0.067,0,0.333333333333333,0.0434782608695652,0.347826086956522,0.464490951331688
"Myricetin","OC1=CC(=CC(O)=C1O)C1OC2=CC([O-])=CC(=O)C2=C(O)C1=O","Repeat.RNA",-0.033,71.097,147.35,8,4,1,3,1,2,0.067,0,0.333333333333333,0.0434782608695652,0.347826086956522,0.464490951331688
"Anthrafurandione 2a","[NH3+]CCNC1=C2OC=CC2=C(NCC[NH3+])C2=C1C(=O)C1=CC=CC=C1C2=O","G.Quadruplex",0.516,102.011,126.62,5,4,6,4,3,1,0.2,0,0.75,0.222222222222222,0.259259259259259,0.345558797121344
"Anthrafurandione 2a","[NH3+]CCNC1=C2OC=CC2=C(NCC[NH3+])C2=C1C(=O)C1=CC=CC=C1C2=O","G.Quadruplex",0.516,102.011,126.62,5,4,6,4,3,1,0.2,0,0.75,0.222222222222222,0.259259259259259,0.345558797121344
"Anthrafurandione 2a","[NH3+]CCNC1=C2OC=CC2=C(NCC[NH3+])C2=C1C(=O)C1=CC=CC=C1C2=O","G.Quadruplex",0.516,102.011,126.62,5,4,6,4,3,1,0.2,0,0.75,0.222222222222222,0.259259259259259,0.345558797121344
"Anthrafurandione 2a","[NH3+]CCNC1=C2OC=CC2=C(NCC[NH3+])C2=C1C(=O)C1=CC=CC=C1C2=O","G.Quadruplex",0.516,102.011,126.62,5,4,6,4,3,1,0.2,0,0.75,0.222222222222222,0.259259259259259,0.345558797121344
"Anthrafurandione 2a","[NH3+]CCNC1=C2OC=CC2=C(NCC[NH3+])C2=C1C(=O)C1=CC=CC=C1C2=O","G.Quadruplex",0.516,102.011,126.62,5,4,6,4,3,1,0.2,0,0.75,0.222222222222222,0.259259259259259,0.345558797121344
"Anthrafurandione 2a","[NH3+]CCNC1=C2OC=CC2=C(NCC[NH3+])C2=C1C(=O)C1=CC=CC=C1C2=O","G.Quadruplex",0.516,102.011,126.62,5,4,6,4,3,1,0.2,0,0.75,0.222222222222222,0.259259259259259,0.345558797121344
"Anthrafurandione 2a","[NH3+]CCNC1=C2OC=CC2=C(NCC[NH3+])C2=C1C(=O)C1=CC=CC=C1C2=O","Other",0.516,102.011,126.62,5,4,6,4,3,1,0.2,0,0.75,0.222222222222222,0.259259259259259,0.345558797121344
"Anthrafurandione 2a","[NH3+]CCNC1=C2OC=CC2=C(NCC[NH3+])C2=C1C(=O)C1=CC=CC=C1C2=O","mRNA",0.516,102.011,126.62,5,4,6,4,3,1,0.2,0,0.75,0.222222222222222,0.259259259259259,0.345558797121344
"Anthrafurandione 2a","[NH3+]CCNC1=C2OC=CC2=C(NCC[NH3+])C2=C1C(=O)C1=CC=CC=C1C2=O","Other",0.516,102.011,126.62,5,4,6,4,3,1,0.2,0,0.75,0.222222222222222,0.259259259259259,0.345558797121344
"Anthrathiophenedione 2b","[NH3+]CCNC1=C2SC=CC2=C(NCC[NH3+])C2=C1C(=O)C1=CC=CC=C1C2=O","G.Quadruplex",0.984,107.622,113.48,5,4,6,4,3,1,0.2,0,0.75,0.222222222222222,0.259259259259259,0.2966882707738
"Anthrathiophenedione 2b","[NH3+]CCNC1=C2SC=CC2=C(NCC[NH3+])C2=C1C(=O)C1=CC=CC=C1C2=O","G.Quadruplex",0.984,107.622,113.48,5,4,6,4,3,1,0.2,0,0.75,0.222222222222222,0.259259259259259,0.2966882707738
"Anthrathiophenedione 2b","[NH3+]CCNC1=C2SC=CC2=C(NCC[NH3+])C2=C1C(=O)C1=CC=CC=C1C2=O","G.Quadruplex",0.984,107.622,113.48,5,4,6,4,3,1,0.2,0,0.75,0.222222222222222,0.259259259259259,0.2966882707738
"Anthrathiophenedione 2b","[NH3+]CCNC1=C2SC=CC2=C(NCC[NH3+])C2=C1C(=O)C1=CC=CC=C1C2=O","G.Quadruplex",0.984,107.622,113.48,5,4,6,4,3,1,0.2,0,0.75,0.222222222222222,0.259259259259259,0.2966882707738
"Anthrathiophenedione 2b","[NH3+]CCNC1=C2SC=CC2=C(NCC[NH3+])C2=C1C(=O)C1=CC=CC=C1C2=O","Other",0.984,107.622,113.48,5,4,6,4,3,1,0.2,0,0.75,0.222222222222222,0.259259259259259,0.2966882707738
"Anthrathiophenedione 2b","[NH3+]CCNC1=C2SC=CC2=C(NCC[NH3+])C2=C1C(=O)C1=CC=CC=C1C2=O","G.Quadruplex",0.984,107.622,113.48,5,4,6,4,3,1,0.2,0,0.75,0.222222222222222,0.259259259259259,0.2966882707738
"Anthrathiophenedione 2b","[NH3+]CCNC1=C2SC=CC2=C(NCC[NH3+])C2=C1C(=O)C1=CC=CC=C1C2=O","Other",0.984,107.622,113.48,5,4,6,4,3,1,0.2,0,0.75,0.222222222222222,0.259259259259259,0.2966882707738
"Aminosulfonylarylisooxazole 2","CC1=NOC(=C1C)C1=CC=C(C)C(=C1)S(=O)(=O)N1CCC2=CC=CC=C12","Other",4.018,100.828,63.41,4,0,3,4,3,1,0.25,0,0.75,0.115384615384615,0.230769230769231,0.172095598412845
"Aminosulfonylarylisooxazole 4","COC1=CC=C(C=C1S(=O)(=O)N1CCC2=CC=CC=C2C1)C1=C(C)C(C)=NO1","Other",3.714,105.707,72.64,5,0,4,4,3,1,0.286,0,0.75,0.142857142857143,0.25,0.182290882444465
"PK4C9","OC1=CC=C2C(NC=C2C(=O)C2=NC(=CN2)C(=O)C2=CNC3=CC=CC=C23)=C1","Other",3.54,103.715,114.63,4,4,4,5,5,0,0,0,1,0.142857142857143,0.25,0.309502980819077
"PK4C9","OC1=CC=C2C(NC=C2C(=O)C2=NC(=CN2)C(=O)C2=CNC3=CC=CC=C23)=C1","Other",3.54,103.715,114.63,4,4,4,5,5,0,0,0,1,0.142857142857143,0.25,0.309502980819077
"PK4C9","OC1=CC=C2C(NC=C2C(=O)C2=NC(=CN2)C(=O)C2=CNC3=CC=CC=C23)=C1","Other",3.54,103.715,114.63,4,4,4,5,5,0,0,0,1,0.142857142857143,0.25,0.309502980819077
"PK4C9","OC1=CC=C2C(NC=C2C(=O)C2=NC(=CN2)C(=O)C2=CNC3=CC=CC=C23)=C1","Other",3.54,103.715,114.63,4,4,4,5,5,0,0,0,1,0.142857142857143,0.25,0.309502980819077
"PK4C9","OC1=CC=C2C(NC=C2C(=O)C2=NC(=CN2)C(=O)C2=CNC3=CC=CC=C23)=C1","Other",3.54,103.715,114.63,4,4,4,5,5,0,0,0,1,0.142857142857143,0.25,0.309502980819077
"PK4C9","OC1=CC=C2C(NC=C2C(=O)C2=NC(=CN2)C(=O)C2=CNC3=CC=CC=C23)=C1","Other",3.54,103.715,114.63,4,4,4,5,5,0,0,0,1,0.142857142857143,0.25,0.309502980819077
"Risdiplam","CC1=CN2N=C(C=C(C)C2=N1)C1=CC(=O)N2C=C(C=CC2=N1)N1CC[NH2+]C2(CC2)C1","Other",0.937,113.887,84.41,5,1,2,6,4,2,0.364,0,0.666666666666667,0.0666666666666667,0.266666666666667,0.20972366466078
"Risdiplam","CC1=CN2N=C(C=C(C)C2=N1)C1=CC(=O)N2C=C(C=CC2=N1)N1CC[NH2+]C2(CC2)C1","Other",0.937,113.887,84.41,5,1,2,6,4,2,0.364,0,0.666666666666667,0.0666666666666667,0.266666666666667,0.20972366466078
"SMN-C2","CC[NH+]1CCN(C[C@@H]1C)C1=CC=C2C=C(C3=CN4C=C(C)N=C(C)C4=N3)C(=O)OC2=C1","Other",2.233,121.985,68.08,5,1,3,5,4,1,0.375,0,0.8,0.0967741935483871,0.225806451612903,0.162668062056623
"SMN-C2","CC[NH+]1CCN(C[C@@H]1C)C1=CC=C2C=C(C3=CN4C=C(C)N=C(C)C4=N3)C(=O)OC2=C1","Other",2.233,121.985,68.08,5,1,3,5,4,1,0.375,0,0.8,0.0967741935483871,0.225806451612903,0.162668062056623
"SMN-C2","CC[NH+]1CCN(C[C@@H]1C)C1=CC=C2C=C(C3=CN4C=C(C)N=C(C)C4=N3)C(=O)OC2=C1","Other",2.233,121.985,68.08,5,1,3,5,4,1,0.375,0,0.8,0.0967741935483871,0.225806451612903,0.162668062056623
"SMN-C2","CC[NH+]1CCN(C[C@@H]1C)C1=CC=C2C=C(C3=CN4C=C(C)N=C(C)C4=N3)C(=O)OC2=C1","Other",2.233,121.985,68.08,5,1,3,5,4,1,0.375,0,0.8,0.0967741935483871,0.225806451612903,0.162668062056623
"SMN-C2","CC[NH+]1CCN(C[C@@H]1C)C1=CC=C2C=C(C3=CN4C=C(C)N=C(C)C4=N3)C(=O)OC2=C1","Other",2.233,121.985,68.08,5,1,3,5,4,1,0.375,0,0.8,0.0967741935483871,0.225806451612903,0.162668062056623
"SMN-C2","CC[NH+]1CCN(C[C@@H]1C)C1=CC=C2C=C(C3=CN4C=C(C)N=C(C)C4=N3)C(=O)OC2=C1","Other",2.233,121.985,68.08,5,1,3,5,4,1,0.375,0,0.8,0.0967741935483871,0.225806451612903,0.162668062056623
"SMN-C2","CC[NH+]1CCN(C[C@@H]1C)C1=CC=C2C=C(C3=CN4C=C(C)N=C(C)C4=N3)C(=O)OC2=C1","Other",2.233,121.985,68.08,5,1,3,5,4,1,0.375,0,0.8,0.0967741935483871,0.225806451612903,0.162668062056623
"SMN-C2","CC[NH+]1CCN(C[C@@H]1C)C1=CC=C2C=C(C3=CN4C=C(C)N=C(C)C4=N3)C(=O)OC2=C1","Other",2.233,121.985,68.08,5,1,3,5,4,1,0.375,0,0.8,0.0967741935483871,0.225806451612903,0.162668062056623
"SMN-C2","CC[NH+]1CCN(C[C@@H]1C)C1=CC=C2C=C(C3=CN4C=C(C)N=C(C)C4=N3)C(=O)OC2=C1","Other",2.233,121.985,68.08,5,1,3,5,4,1,0.375,0,0.8,0.0967741935483871,0.225806451612903,0.162668062056623
"SMN-C2","CC[NH+]1CCN(C[C@@H]1C)C1=CC=C2C=C(C3=CN4C=C(C)N=C(C)C4=N3)C(=O)OC2=C1","Ribozyme",2.233,121.985,68.08,5,1,3,5,4,1,0.375,0,0.8,0.0967741935483871,0.225806451612903,0.162668062056623
"SMN-C2","CC[NH+]1CCN(C[C@@H]1C)C1=CC=C2C=C(C3=CN4C=C(C)N=C(C)C4=N3)C(=O)OC2=C1","Other",2.233,121.985,68.08,5,1,3,5,4,1,0.375,0,0.8,0.0967741935483871,0.225806451612903,0.162668062056623
"SMN-C2","CC[NH+]1CCN(C[C@@H]1C)C1=CC=C2C=C(C3=CN4C=C(C)N=C(C)C4=N3)C(=O)OC2=C1","Other",2.233,121.985,68.08,5,1,3,5,4,1,0.375,0,0.8,0.0967741935483871,0.225806451612903,0.162668062056623
"SMN-C2","CC[NH+]1CCN(C[C@@H]1C)C1=CC=C2C=C(C3=CN4C=C(C)N=C(C)C4=N3)C(=O)OC2=C1","Other",2.233,121.985,68.08,5,1,3,5,4,1,0.375,0,0.8,0.0967741935483871,0.225806451612903,0.162668062056623
"SMN-C2","CC[NH+]1CCN(C[C@@H]1C)C1=CC=C2C=C(C3=CN4C=C(C)N=C(C)C4=N3)C(=O)OC2=C1","Ribozyme",2.233,121.985,68.08,5,1,3,5,4,1,0.375,0,0.8,0.0967741935483871,0.225806451612903,0.162668062056623
"SMN-C2","CC[NH+]1CCN(C[C@@H]1C)C1=CC=C2C=C(C3=CN4C=C(C)N=C(C)C4=N3)C(=O)OC2=C1","Ribozyme",2.233,121.985,68.08,5,1,3,5,4,1,0.375,0,0.8,0.0967741935483871,0.225806451612903,0.162668062056623
"SMN-C2","CC[NH+]1CCN(C[C@@H]1C)C1=CC=C2C=C(C3=CN4C=C(C)N=C(C)C4=N3)C(=O)OC2=C1","Other",2.233,121.985,68.08,5,1,3,5,4,1,0.375,0,0.8,0.0967741935483871,0.225806451612903,0.162668062056623
"SMN-C3","CC[NH+]1CCN(CC1)C1=CN2C(=O)C=C(N=C2C(C)=C1)C1=NN2C=C(C)N=C(C)C2=C1","mRNA",1.054,121.105,72.24,5,1,3,5,4,1,0.391,0,0.8,0.0967741935483871,0.258064516129032,0.17260617645302
"SMN-C3","CC[NH+]1CCN(CC1)C1=CN2C(=O)C=C(N=C2C(C)=C1)C1=NN2C=C(C)N=C(C)C2=C1","Other",1.054,121.105,72.24,5,1,3,5,4,1,0.391,0,0.8,0.0967741935483871,0.258064516129032,0.17260617645302
"SMN-C3","CC[NH+]1CCN(CC1)C1=CN2C(=O)C=C(N=C2C(C)=C1)C1=NN2C=C(C)N=C(C)C2=C1","Other",1.054,121.105,72.24,5,1,3,5,4,1,0.391,0,0.8,0.0967741935483871,0.258064516129032,0.17260617645302
"SMN-C3","CC[NH+]1CCN(CC1)C1=CN2C(=O)C=C(N=C2C(C)=C1)C1=NN2C=C(C)N=C(C)C2=C1","Other",1.054,121.105,72.24,5,1,3,5,4,1,0.391,0,0.8,0.0967741935483871,0.258064516129032,0.17260617645302
"SMN-C3","CC[NH+]1CCN(CC1)C1=CN2C(=O)C=C(N=C2C(C)=C1)C1=NN2C=C(C)N=C(C)C2=C1","mRNA",1.054,121.105,72.24,5,1,3,5,4,1,0.391,0,0.8,0.0967741935483871,0.258064516129032,0.17260617645302
"SMN-C3","CC[NH+]1CCN(CC1)C1=CN2C(=O)C=C(N=C2C(C)=C1)C1=NN2C=C(C)N=C(C)C2=C1","Other",1.054,121.105,72.24,5,1,3,5,4,1,0.391,0,0.8,0.0967741935483871,0.258064516129032,0.17260617645302
"SMN-C5","C[NH+]1CCN(CC1)C1=CN2C(=O)C=C(N=C2C=C1)C1=CN2C=C(C)N=C2C(F)=C1","mRNA",0.791,109.177,59.35,4,1,2,5,4,1,0.286,0,0.8,0.0689655172413793,0.275862068965517,0.150846621899829
"SMN-C5","C[NH+]1CCN(CC1)C1=CN2C(=O)C=C(N=C2C=C1)C1=CN2C=C(C)N=C2C(F)=C1","mRNA",0.791,109.177,59.35,4,1,2,5,4,1,0.286,0,0.8,0.0689655172413793,0.275862068965517,0.150846621899829
"SMN-C5","C[NH+]1CCN(CC1)C1=CN2C(=O)C=C(N=C2C=C1)C1=CN2C=C(C)N=C2C(F)=C1","mRNA",0.791,109.177,59.35,4,1,2,5,4,1,0.286,0,0.8,0.0689655172413793,0.275862068965517,0.150846621899829
"SMN-C5","C[NH+]1CCN(CC1)C1=CN2C(=O)C=C(N=C2C=C1)C1=CN2C=C(C)N=C2C(F)=C1","mRNA",0.791,109.177,59.35,4,1,2,5,4,1,0.286,0,0.8,0.0689655172413793,0.275862068965517,0.150846621899829
"SMN-C5","C[NH+]1CCN(CC1)C1=CN2C(=O)C=C(N=C2C=C1)C1=CN2C=C(C)N=C2C(F)=C1","mRNA",0.791,109.177,59.35,4,1,2,5,4,1,0.286,0,0.8,0.0689655172413793,0.275862068965517,0.150846621899829
"SMN-C5","C[NH+]1CCN(CC1)C1=CN2C(=O)C=C(N=C2C=C1)C1=CN2C=C(C)N=C2C(F)=C1","Other",0.791,109.177,59.35,4,1,2,5,4,1,0.286,0,0.8,0.0689655172413793,0.275862068965517,0.150846621899829
"SMN-C5","C[NH+]1CCN(CC1)C1=CN2C(=O)C=C(N=C2C=C1)C1=CN2C=C(C)N=C2C(F)=C1","mRNA",0.791,109.177,59.35,4,1,2,5,4,1,0.286,0,0.8,0.0689655172413793,0.275862068965517,0.150846621899829
"SMN-C5","C[NH+]1CCN(CC1)C1=CN2C(=O)C=C(N=C2C=C1)C1=CN2C=C(C)N=C2C(F)=C1","Other",0.791,109.177,59.35,4,1,2,5,4,1,0.286,0,0.8,0.0689655172413793,0.275862068965517,0.150846621899829
"SMN-C5","C[NH+]1CCN(CC1)C1=CN2C(=O)C=C(N=C2C=C1)C1=CN2C=C(C)N=C2C(F)=C1","Other",0.791,109.177,59.35,4,1,2,5,4,1,0.286,0,0.8,0.0689655172413793,0.275862068965517,0.150846621899829
"SMN-C5","C[NH+]1CCN(CC1)C1=CN2C(=O)C=C(N=C2C=C1)C1=CN2C=C(C)N=C2C(F)=C1","Other",0.791,109.177,59.35,4,1,2,5,4,1,0.286,0,0.8,0.0689655172413793,0.275862068965517,0.150846621899829
"SMN-C5","C[NH+]1CCN(CC1)C1=CN2C(=O)C=C(N=C2C=C1)C1=CN2C=C(C)N=C2C(F)=C1","Other",0.791,109.177,59.35,4,1,2,5,4,1,0.286,0,0.8,0.0689655172413793,0.275862068965517,0.150846621899829
"SMN-C5","C[NH+]1CCN(CC1)C1=CN2C(=O)C=C(N=C2C=C1)C1=CN2C=C(C)N=C2C(F)=C1","Other",0.791,109.177,59.35,4,1,2,5,4,1,0.286,0,0.8,0.0689655172413793,0.275862068965517,0.150846621899829
"SMN-C5","C[NH+]1CCN(CC1)C1=CN2C(=O)C=C(N=C2C=C1)C1=CN2C=C(C)N=C2C(F)=C1","Other",0.791,109.177,59.35,4,1,2,5,4,1,0.286,0,0.8,0.0689655172413793,0.275862068965517,0.150846621899829
"SMN-C5","C[NH+]1CCN(CC1)C1=CN2C(=O)C=C(N=C2C=C1)C1=CN2C=C(C)N=C2C(F)=C1","mRNA",0.791,109.177,59.35,4,1,2,5,4,1,0.286,0,0.8,0.0689655172413793,0.275862068965517,0.150846621899829
"SMN-C5","C[NH+]1CCN(CC1)C1=CN2C(=O)C=C(N=C2C=C1)C1=CN2C=C(C)N=C2C(F)=C1","mRNA",0.791,109.177,59.35,4,1,2,5,4,1,0.286,0,0.8,0.0689655172413793,0.275862068965517,0.150846621899829
"SMN-C5","C[NH+]1CCN(CC1)C1=CN2C(=O)C=C(N=C2C=C1)C1=CN2C=C(C)N=C2C(F)=C1","mRNA",0.791,109.177,59.35,4,1,2,5,4,1,0.286,0,0.8,0.0689655172413793,0.275862068965517,0.150846621899829
"SMN-C5","C[NH+]1CCN(CC1)C1=CN2C(=O)C=C(N=C2C=C1)C1=CN2C=C(C)N=C2C(F)=C1","mRNA",0.791,109.177,59.35,4,1,2,5,4,1,0.286,0,0.8,0.0689655172413793,0.275862068965517,0.150846621899829
"SMN-C5","C[NH+]1CCN(CC1)C1=CN2C(=O)C=C(N=C2C=C1)C1=CN2C=C(C)N=C2C(F)=C1","Ribozyme",0.791,109.177,59.35,4,1,2,5,4,1,0.286,0,0.8,0.0689655172413793,0.275862068965517,0.150846621899829
"SMN-C5","C[NH+]1CCN(CC1)C1=CN2C(=O)C=C(N=C2C=C1)C1=CN2C=C(C)N=C2C(F)=C1","Ribozyme",0.791,109.177,59.35,4,1,2,5,4,1,0.286,0,0.8,0.0689655172413793,0.275862068965517,0.150846621899829
"SMN-C5","C[NH+]1CCN(CC1)C1=CN2C(=O)C=C(N=C2C=C1)C1=CN2C=C(C)N=C2C(F)=C1","Ribozyme",0.791,109.177,59.35,4,1,2,5,4,1,0.286,0,0.8,0.0689655172413793,0.275862068965517,0.150846621899829
"SMN-C5","C[NH+]1CCN(CC1)C1=CN2C(=O)C=C(N=C2C=C1)C1=CN2C=C(C)N=C2C(F)=C1","Ribozyme",0.791,109.177,59.35,4,1,2,5,4,1,0.286,0,0.8,0.0689655172413793,0.275862068965517,0.150846621899829
"SMN-C5","C[NH+]1CCN(CC1)C1=CN2C(=O)C=C(N=C2C=C1)C1=CN2C=C(C)N=C2C(F)=C1","mRNA",0.791,109.177,59.35,4,1,2,5,4,1,0.286,0,0.8,0.0689655172413793,0.275862068965517,0.150846621899829
"SMN-C5","C[NH+]1CCN(CC1)C1=CN2C(=O)C=C(N=C2C=C1)C1=CN2C=C(C)N=C2C(F)=C1","mRNA",0.791,109.177,59.35,4,1,2,5,4,1,0.286,0,0.8,0.0689655172413793,0.275862068965517,0.150846621899829
"SMN-C5","C[NH+]1CCN(CC1)C1=CN2C(=O)C=C(N=C2C=C1)C1=CN2C=C(C)N=C2C(F)=C1","Other",0.791,109.177,59.35,4,1,2,5,4,1,0.286,0,0.8,0.0689655172413793,0.275862068965517,0.150846621899829
"SMN-C5","C[NH+]1CCN(CC1)C1=CN2C(=O)C=C(N=C2C=C1)C1=CN2C=C(C)N=C2C(F)=C1","Other",0.791,109.177,59.35,4,1,2,5,4,1,0.286,0,0.8,0.0689655172413793,0.275862068965517,0.150846621899829
"SMN-C5","C[NH+]1CCN(CC1)C1=CN2C(=O)C=C(N=C2C=C1)C1=CN2C=C(C)N=C2C(F)=C1","mRNA",0.791,109.177,59.35,4,1,2,5,4,1,0.286,0,0.8,0.0689655172413793,0.275862068965517,0.150846621899829
"SMN-C5","C[NH+]1CCN(CC1)C1=CN2C(=O)C=C(N=C2C=C1)C1=CN2C=C(C)N=C2C(F)=C1","mRNA",0.791,109.177,59.35,4,1,2,5,4,1,0.286,0,0.8,0.0689655172413793,0.275862068965517,0.150846621899829
"SMN-C5","C[NH+]1CCN(CC1)C1=CN2C(=O)C=C(N=C2C=C1)C1=CN2C=C(C)N=C2C(F)=C1","Other",0.791,109.177,59.35,4,1,2,5,4,1,0.286,0,0.8,0.0689655172413793,0.275862068965517,0.150846621899829
"SMN-C5","C[NH+]1CCN(CC1)C1=CN2C(=O)C=C(N=C2C=C1)C1=CN2C=C(C)N=C2C(F)=C1","mRNA",0.791,109.177,59.35,4,1,2,5,4,1,0.286,0,0.8,0.0689655172413793,0.275862068965517,0.150846621899829
"SMN-C5","C[NH+]1CCN(CC1)C1=CN2C(=O)C=C(N=C2C=C1)C1=CN2C=C(C)N=C2C(F)=C1","mRNA",0.791,109.177,59.35,4,1,2,5,4,1,0.286,0,0.8,0.0689655172413793,0.275862068965517,0.150846621899829
"SMN-C5","C[NH+]1CCN(CC1)C1=CN2C(=O)C=C(N=C2C=C1)C1=CN2C=C(C)N=C2C(F)=C1","mRNA",0.791,109.177,59.35,4,1,2,5,4,1,0.286,0,0.8,0.0689655172413793,0.275862068965517,0.150846621899829
"SMN-C5","C[NH+]1CCN(CC1)C1=CN2C(=O)C=C(N=C2C=C1)C1=CN2C=C(C)N=C2C(F)=C1","mRNA",0.791,109.177,59.35,4,1,2,5,4,1,0.286,0,0.8,0.0689655172413793,0.275862068965517,0.150846621899829
"SMN-C5","C[NH+]1CCN(CC1)C1=CN2C(=O)C=C(N=C2C=C1)C1=CN2C=C(C)N=C2C(F)=C1","mRNA",0.791,109.177,59.35,4,1,2,5,4,1,0.286,0,0.8,0.0689655172413793,0.275862068965517,0.150846621899829
"SMN-C5","C[NH+]1CCN(CC1)C1=CN2C(=O)C=C(N=C2C=C1)C1=CN2C=C(C)N=C2C(F)=C1","mRNA",0.791,109.177,59.35,4,1,2,5,4,1,0.286,0,0.8,0.0689655172413793,0.275862068965517,0.150846621899829
"SMN-C5","C[NH+]1CCN(CC1)C1=CN2C(=O)C=C(N=C2C=C1)C1=CN2C=C(C)N=C2C(F)=C1","mRNA",0.791,109.177,59.35,4,1,2,5,4,1,0.286,0,0.8,0.0689655172413793,0.275862068965517,0.150846621899829
"Quindoline CK1-14","C(CN1C=C(CNC2=C3C=CC=CC3=[NH+]C3=C2OC2=C3C=CC=C2)N=N1)C[NH+]1CCCCC1","G.Quadruplex",3.216,129.162,74.46,4,2,7,6,5,1,0.346,0,0.833333333333333,0.212121212121212,0.212121212121212,0.168245711948699
"Quindoline CK1-14","C(CN1C=C(CNC2=C3C=CC=CC3=[NH+]C3=C2OC2=C3C=CC=C2)N=N1)C[NH+]1CCCCC1","G.Quadruplex",3.216,129.162,74.46,4,2,7,6,5,1,0.346,0,0.833333333333333,0.212121212121212,0.212121212121212,0.168245711948699
"Quindoline CK1-14","C(CN1C=C(CNC2=C3C=CC=CC3=[NH+]C3=C2OC2=C3C=CC=C2)N=N1)C[NH+]1CCCCC1","G.Quadruplex",3.216,129.162,74.46,4,2,7,6,5,1,0.346,0,0.833333333333333,0.212121212121212,0.212121212121212,0.168245711948699
"Quindoline CK1-14","C(CN1C=C(CNC2=C3C=CC=CC3=[NH+]C3=C2OC2=C3C=CC=C2)N=N1)C[NH+]1CCCCC1","G.Quadruplex",3.216,129.162,74.46,4,2,7,6,5,1,0.346,0,0.833333333333333,0.212121212121212,0.212121212121212,0.168245711948699
"Quindoline CK1-14","C(CN1C=C(CNC2=C3C=CC=CC3=[NH+]C3=C2OC2=C3C=CC=C2)N=N1)C[NH+]1CCCCC1","Other",3.216,129.162,74.46,4,2,7,6,5,1,0.346,0,0.833333333333333,0.212121212121212,0.212121212121212,0.168245711948699
"Quindoline CK1-14","C(CN1C=C(CNC2=C3C=CC=CC3=[NH+]C3=C2OC2=C3C=CC=C2)N=N1)C[NH+]1CCCCC1","G.Quadruplex",3.216,129.162,74.46,4,2,7,6,5,1,0.346,0,0.833333333333333,0.212121212121212,0.212121212121212,0.168245711948699
"Quindoline CK1-14","C(CN1C=C(CNC2=C3C=CC=CC3=[NH+]C3=C2OC2=C3C=CC=C2)N=N1)C[NH+]1CCCCC1","Other",3.216,129.162,74.46,4,2,7,6,5,1,0.346,0,0.833333333333333,0.212121212121212,0.212121212121212,0.168245711948699
"Quindoline CK1-14","C(CN1C=C(CNC2=C3C=CC=CC3=[NH+]C3=C2OC2=C3C=CC=C2)N=N1)C[NH+]1CCCCC1","Other",3.216,129.162,74.46,4,2,7,6,5,1,0.346,0,0.833333333333333,0.212121212121212,0.212121212121212,0.168245711948699
"Quindoline CK1-14","C(CN1C=C(CNC2=C3C=CC=CC3=[NH+]C3=C2OC2=C3C=CC=C2)N=N1)C[NH+]1CCCCC1","G.Quadruplex",3.216,129.162,74.46,4,2,7,6,5,1,0.346,0,0.833333333333333,0.212121212121212,0.212121212121212,0.168245711948699
"Quindoline CK1-14","C(CN1C=C(CNC2=C3C=CC=CC3=[NH+]C3=C2OC2=C3C=CC=C2)N=N1)C[NH+]1CCCCC1","mRNA",3.216,129.162,74.46,4,2,7,6,5,1,0.346,0,0.833333333333333,0.212121212121212,0.212121212121212,0.168245711948699
"Quindoline CK1-14","C(CN1C=C(CNC2=C3C=CC=CC3=[NH+]C3=C2OC2=C3C=CC=C2)N=N1)C[NH+]1CCCCC1","G.Quadruplex",3.216,129.162,74.46,4,2,7,6,5,1,0.346,0,0.833333333333333,0.212121212121212,0.212121212121212,0.168245711948699
"Quindoline CK1-14","C(CN1C=C(CNC2=C3C=CC=CC3=[NH+]C3=C2OC2=C3C=CC=C2)N=N1)C[NH+]1CCCCC1","G.Quadruplex",3.216,129.162,74.46,4,2,7,6,5,1,0.346,0,0.833333333333333,0.212121212121212,0.212121212121212,0.168245711948699
"Quindoline CK1-14","C(CN1C=C(CNC2=C3C=CC=CC3=[NH+]C3=C2OC2=C3C=CC=C2)N=N1)C[NH+]1CCCCC1","Other",3.216,129.162,74.46,4,2,7,6,5,1,0.346,0,0.833333333333333,0.212121212121212,0.212121212121212,0.168245711948699
"Quindoline CK1-14","C(CN1C=C(CNC2=C3C=CC=CC3=[NH+]C3=C2OC2=C3C=CC=C2)N=N1)C[NH+]1CCCCC1","G.Quadruplex",3.216,129.162,74.46,4,2,7,6,5,1,0.346,0,0.833333333333333,0.212121212121212,0.212121212121212,0.168245711948699
"Topotecan","CC[C@@]1(O)C(=O)OCC2=C1C=C1N(CC3=C1N=C1C=CC(O)=C(C[NH+](C)C)C1=C3)C2=O","Other",0.43,112.704,106.09,6,3,3,5,3,2,0.348,0,0.6,0.0967741935483871,0.258064516129032,0.251123772371888
"Topotecan","CC[C@@]1(O)C(=O)OCC2=C1C=C1N(CC3=C1N=C1C=CC(O)=C(C[NH+](C)C)C1=C3)C2=O","Other",0.43,112.704,106.09,6,3,3,5,3,2,0.348,0,0.6,0.0967741935483871,0.258064516129032,0.251123772371888
"Topotecan","CC[C@@]1(O)C(=O)OCC2=C1C=C1N(CC3=C1N=C1C=CC(O)=C(C[NH+](C)C)C1=C3)C2=O","Other",0.43,112.704,106.09,6,3,3,5,3,2,0.348,0,0.6,0.0967741935483871,0.258064516129032,0.251123772371888
"Topotecan","CC[C@@]1(O)C(=O)OCC2=C1C=C1N(CC3=C1N=C1C=CC(O)=C(C[NH+](C)C)C1=C3)C2=O","Other",0.43,112.704,106.09,6,3,3,5,3,2,0.348,0,0.6,0.0967741935483871,0.258064516129032,0.251123772371888
"Topotecan","CC[C@@]1(O)C(=O)OCC2=C1C=C1N(CC3=C1N=C1C=CC(O)=C(C[NH+](C)C)C1=C3)C2=O","Other",0.43,112.704,106.09,6,3,3,5,3,2,0.348,0,0.6,0.0967741935483871,0.258064516129032,0.251123772371888
"Triptycene 1","[NH3+]CCCC[C@H]([NH3+])C(=O)NC1=CC2=C(C=C1)C1C3=CC=C(NC(=O)[C@@H]([NH3+])CCCC[NH3+])C=C3C2C2=C1C=CC(NC(=O)[C@@H]([NH3+])CCCC[NH3+])=C2","mRNA",-1.443,191.952,253.14,3,9,18,6,3,3,0.447,2,0.5,0.36,0.24,0.366896151895065
"Triptycene 1","[NH3+]CCCC[C@H]([NH3+])C(=O)NC1=CC2=C(C=C1)C1C3=CC=C(NC(=O)[C@@H]([NH3+])CCCC[NH3+])C=C3C2C2=C1C=CC(NC(=O)[C@@H]([NH3+])CCCC[NH3+])=C2","mRNA",-1.443,191.952,253.14,3,9,18,6,3,3,0.447,2,0.5,0.36,0.24,0.366896151895065
"Bisamidinium 6","NC1=NC(N)=C(CCCNC(=[NH2+])C2=CC=C(C=C2)C(=[NH2+])NCCCC2=C(N)N=C(N)[NH+]=C2N)C(N)=N1","Repeat.RNA",-4.365,140.457,284.17,9,10,10,3,3,0,0.273,1,1,0.277777777777778,0.388888888888889,0.573362656874218
"Bisamidinium 6","NC1=NC(N)=C(CCCNC(=[NH2+])C2=CC=C(C=C2)C(=[NH2+])NCCCC2=C(N)N=C(N)[NH+]=C2N)C(N)=N1","Other",-4.365,140.457,284.17,9,10,10,3,3,0,0.273,1,1,0.277777777777778,0.388888888888889,0.573362656874218
"Bisamidinium 8","NC1=NC(N)=C(CCCCNC(=[NH2+])C2=CC=C(C=C2)C(=[NH2+])NCCCCC2=C(N)N=C(N)[NH+]=C2N)C(N)=N1","Repeat.RNA",-3.585,149.691,284.17,9,10,12,3,3,0,0.333,2,1,0.315789473684211,0.368421052631579,0.542646761152931
"Bisamidinium 8","NC1=NC(N)=C(CCCCNC(=[NH2+])C2=CC=C(C=C2)C(=[NH2+])NCCCCC2=C(N)N=C(N)[NH+]=C2N)C(N)=N1","Other",-3.585,149.691,284.17,9,10,12,3,3,0,0.333,2,1,0.315789473684211,0.368421052631579,0.542646761152931
"Bisamidinium 10","NC1=NC(N)=C(CCCNC(=[NH2+])C2=CC(=CC=C2)C(=[NH2+])NCCCC2=C(N)N=C(N)[NH+]=C2N)C(N)=N1","Repeat.RNA",-4.365,140.457,284.17,9,10,10,3,3,0,0.273,1,1,0.277777777777778,0.388888888888889,0.573362656874218
"Bisamidinium 10","NC1=NC(N)=C(CCCNC(=[NH2+])C2=CC(=CC=C2)C(=[NH2+])NCCCC2=C(N)N=C(N)[NH+]=C2N)C(N)=N1","Other",-4.365,140.457,284.17,9,10,10,3,3,0,0.273,1,1,0.277777777777778,0.388888888888889,0.573362656874218
"Bisamidinium 11","NC1=NC(N)=C(CCCCNC(=[NH2+])C2=CC=CC(=C2)C(=[NH2+])NCCCCC2=C(N)N=C(N)[NH+]=C2N)C(N)=N1","Repeat.RNA",-3.585,149.691,284.17,9,10,12,3,3,0,0.333,2,1,0.315789473684211,0.368421052631579,0.542646761152931
"Bisamidinium 11","NC1=NC(N)=C(CCCCNC(=[NH2+])C2=CC=CC(=C2)C(=[NH2+])NCCCCC2=C(N)N=C(N)[NH+]=C2N)C(N)=N1","Other",-3.585,149.691,284.17,9,10,12,3,3,0,0.333,2,1,0.315789473684211,0.368421052631579,0.542646761152931
"Acridine 1","CC(=O)NCCC[NH2+]CCC[NH2+]CCCNC(=O)C1=C2[NH+]=C3C=CC=CC3=C(NCCCCNC3=NC(N)=NC(N)=[NH+]3)C2=CC=C1","Repeat.RNA",-0.957,179.822,221.58,8,8,20,4,4,0,0.438,2,1,0.434782608695652,0.304347826086957,0.34903612597939
"Acridine 1","CC(=O)NCCC[NH2+]CCC[NH2+]CCCNC(=O)C1=C2[NH+]=C3C=CC=CC3=C(NCCCCNC3=NC(N)=NC(N)=[NH+]3)C2=CC=C1","tRNA",-0.957,179.822,221.58,8,8,20,4,4,0,0.438,2,1,0.434782608695652,0.304347826086957,0.34903612597939
"Acridine 1","CC(=O)NCCC[NH2+]CCC[NH2+]CCCNC(=O)C1=C2[NH+]=C3C=CC=CC3=C(NCCCCNC3=NC(N)=NC(N)=[NH+]3)C2=CC=C1","Repeat.RNA",-0.957,179.822,221.58,8,8,20,4,4,0,0.438,2,1,0.434782608695652,0.304347826086957,0.34903612597939
"Acridine 1","CC(=O)NCCC[NH2+]CCC[NH2+]CCCNC(=O)C1=C2[NH+]=C3C=CC=CC3=C(NCCCCNC3=NC(N)=NC(N)=[NH+]3)C2=CC=C1","Other",-0.957,179.822,221.58,8,8,20,4,4,0,0.438,2,1,0.434782608695652,0.304347826086957,0.34903612597939
"Acridine 5","NC1=NC(N)=[NH+]C(NCCCCNC2=C3C=CC=CC3=[NH+]C3=C(C=CC=C23)C(=O)NCCN(CC[NH3+])CC[NH3+])=N1","Repeat.RNA",-1.605,155.919,217.78,8,7,15,4,4,0,0.37,2,1,0.375,0.325,0.39544883388171
"Acridine 5","NC1=NC(N)=[NH+]C(NCCCCNC2=C3C=CC=CC3=[NH+]C3=C(C=CC=C23)C(=O)NCCN(CC[NH3+])CC[NH3+])=N1","Repeat.RNA",-1.605,155.919,217.78,8,7,15,4,4,0,0.37,2,1,0.375,0.325,0.39544883388171
"Acridine 5","NC1=NC(N)=[NH+]C(NCCCCNC2=C3C=CC=CC3=[NH+]C3=C(C=CC=C23)C(=O)NCCN(CC[NH3+])CC[NH3+])=N1","Repeat.RNA",-1.605,155.919,217.78,8,7,15,4,4,0,0.37,2,1,0.375,0.325,0.39544883388171
"","NC1=NC(N)=[NH+]C(NCCCCNC2=C3C=CC=CC3=[NH+]C3=C(C=CC=C23)C(=O)NCCN(CC[NH3+])CC[NH3+])=N1","Repeat.RNA",-1.605,155.919,217.78,8,7,15,4,4,0,0.37,2,1,0.375,0.325,0.39544883388171
"","NC1=NC(N)=[NH+]C(NCCCCNC2=C3C=CC=CC3=[NH+]C3=C(C=CC=C23)C(=O)NCCN(CC[NH3+])CC[NH3+])=N1","HIV.TAR",-1.605,155.919,217.78,8,7,15,4,4,0,0.37,2,1,0.375,0.325,0.39544883388171
"Acridine 6","NC1=NC(N)=[NH+]C(NCCCCNC2=C3C=CC=CC3=[NH+]C3=C(C=CC=C23)C(=O)NCCN(CC[NH3+])CCNC(=O)CC2=CNC=N2)=N1","Repeat.RNA",-0.764,183.465,247.92,10,8,18,5,5,0,0.344,2,1,0.375,0.333333333333333,0.376888088925644
"Acridine 6","NC1=NC(N)=[NH+]C(NCCCCNC2=C3C=CC=CC3=[NH+]C3=C(C=CC=C23)C(=O)NCCN(CC[NH3+])CCNC(=O)CC2=CNC=N2)=N1","Repeat.RNA",-0.764,183.465,247.92,10,8,18,5,5,0,0.344,2,1,0.375,0.333333333333333,0.376888088925644
"Acridine 6","NC1=NC(N)=[NH+]C(NCCCCNC2=C3C=CC=CC3=[NH+]C3=C(C=CC=C23)C(=O)NCCN(CC[NH3+])CCNC(=O)CC2=CNC=N2)=N1","Other",-0.764,183.465,247.92,10,8,18,5,5,0,0.344,2,1,0.375,0.333333333333333,0.376888088925644
"Acridine 6","NC1=NC(N)=[NH+]C(NCCCCNC2=C3C=CC=CC3=[NH+]C3=C(C=CC=C23)C(=O)NCCN(CC[NH3+])CCNC(=O)CC2=CNC=N2)=N1","Repeat.RNA",-0.764,183.465,247.92,10,8,18,5,5,0,0.344,2,1,0.375,0.333333333333333,0.376888088925644
"Acridine 6","NC1=NC(N)=[NH+]C(NCCCCNC2=C3C=CC=CC3=[NH+]C3=C(C=CC=C23)C(=O)NCCN(CC[NH3+])CCNC(=O)CC2=CNC=N2)=N1","HIV.TAR",-0.764,183.465,247.92,10,8,18,5,5,0,0.344,2,1,0.375,0.333333333333333,0.376888088925644
"Bisamidinium 2","NC1=NC(N)=[NH+]C(NCCCCNC(=[NH2+])C2=CC=C(C=C2)C(=[NH2+])NCCCCNC2=[NH+]C(N)=NC(N)=N2)=N1","Repeat.RNA",-4.801,144.789,283.22,10,10,14,3,3,0,0.364,2,1,0.368421052631579,0.421052631578947,0.537768343023366
"Bisamidinium 2","NC1=NC(N)=[NH+]C(NCCCCNC(=[NH2+])C2=CC=C(C=C2)C(=[NH2+])NCCCCNC2=[NH+]C(N)=NC(N)=N2)=N1","Repeat.RNA",-4.801,144.789,283.22,10,10,14,3,3,0,0.364,2,1,0.368421052631579,0.421052631578947,0.537768343023366
"Bisamidinium 2","NC1=NC(N)=[NH+]C(NCCCCNC(=[NH2+])C2=CC=C(C=C2)C(=[NH2+])NCCCCNC2=[NH+]C(N)=NC(N)=N2)=N1","Repeat.RNA",-4.801,144.789,283.22,10,10,14,3,3,0,0.364,2,1,0.368421052631579,0.421052631578947,0.537768343023366
"Bisamidinium 2","NC1=NC(N)=[NH+]C(NCCCCNC(=[NH2+])C2=CC=C(C=C2)C(=[NH2+])NCCCCNC2=[NH+]C(N)=NC(N)=N2)=N1","Repeat.RNA",-4.801,144.789,283.22,10,10,14,3,3,0,0.364,2,1,0.368421052631579,0.421052631578947,0.537768343023366
"Bisamidinium 2","NC1=NC(N)=[NH+]C(NCCCCNC(=[NH2+])C2=CC=C(C=C2)C(=[NH2+])NCCCCNC2=[NH+]C(N)=NC(N)=N2)=N1","Repeat.RNA",-4.801,144.789,283.22,10,10,14,3,3,0,0.364,2,1,0.368421052631579,0.421052631578947,0.537768343023366
"Bisamidinium 2","NC1=NC(N)=[NH+]C(NCCCCNC(=[NH2+])C2=CC=C(C=C2)C(=[NH2+])NCCCCNC2=[NH+]C(N)=NC(N)=N2)=N1","HIV.TAR",-4.801,144.789,283.22,10,10,14,3,3,0,0.364,2,1,0.368421052631579,0.421052631578947,0.537768343023366
"Bisamidinium 2","NC1=NC(N)=[NH+]C(NCCCCNC(=[NH2+])C2=CC=C(C=C2)C(=[NH2+])NCCCCNC2=[NH+]C(N)=NC(N)=N2)=N1","Other",-4.801,144.789,283.22,10,10,14,3,3,0,0.364,2,1,0.368421052631579,0.421052631578947,0.537768343023366
"Bisamidinium 2","NC1=NC(N)=[NH+]C(NCCCCNC(=[NH2+])C2=CC=C(C=C2)C(=[NH2+])NCCCCNC2=[NH+]C(N)=NC(N)=N2)=N1","Other",-4.801,144.789,283.22,10,10,14,3,3,0,0.364,2,1,0.368421052631579,0.421052631578947,0.537768343023366
"Bisamidinium 2","NC1=NC(N)=[NH+]C(NCCCCNC(=[NH2+])C2=CC=C(C=C2)C(=[NH2+])NCCCCNC2=[NH+]C(N)=NC(N)=N2)=N1","tRNA",-4.801,144.789,283.22,10,10,14,3,3,0,0.364,2,1,0.368421052631579,0.421052631578947,0.537768343023366
"Bisamidinium 2","NC1=NC(N)=[NH+]C(NCCCCNC(=[NH2+])C2=CC=C(C=C2)C(=[NH2+])NCCCCNC2=[NH+]C(N)=NC(N)=N2)=N1","Repeat.RNA",-4.801,144.789,283.22,10,10,14,3,3,0,0.364,2,1,0.368421052631579,0.421052631578947,0.537768343023366
"Bisamidinium 2","NC1=NC(N)=[NH+]C(NCCCCNC(=[NH2+])C2=CC=C(C=C2)C(=[NH2+])NCCCCNC2=[NH+]C(N)=NC(N)=N2)=N1","Repeat.RNA",-4.801,144.789,283.22,10,10,14,3,3,0,0.364,2,1,0.368421052631579,0.421052631578947,0.537768343023366
"Bisamidinium 2","NC1=NC(N)=[NH+]C(NCCCCNC(=[NH2+])C2=CC=C(C=C2)C(=[NH2+])NCCCCNC2=[NH+]C(N)=NC(N)=N2)=N1","Repeat.RNA",-4.801,144.789,283.22,10,10,14,3,3,0,0.364,2,1,0.368421052631579,0.421052631578947,0.537768343023366
"Bisamidinium 2","NC1=NC(N)=[NH+]C(NCCCCNC(=[NH2+])C2=CC=C(C=C2)C(=[NH2+])NCCCCNC2=[NH+]C(N)=NC(N)=N2)=N1","Other",-4.801,144.789,283.22,10,10,14,3,3,0,0.364,2,1,0.368421052631579,0.421052631578947,0.537768343023366
"Bisamidinium 2","NC1=NC(N)=[NH+]C(NCCCCNC(=[NH2+])C2=CC=C(C=C2)C(=[NH2+])NCCCCNC2=[NH+]C(N)=NC(N)=N2)=N1","Repeat.RNA",-4.801,144.789,283.22,10,10,14,3,3,0,0.364,2,1,0.368421052631579,0.421052631578947,0.537768343023366
"Ethidium-Arg Conjugate 17","C[N+]1=C(C2=CC=CC(=C2)C(=O)NCCCCCC(=O)NCCC(=O)NC(CCCNC(N)=[NH2+])C([O-])=O)C2=CC(N)=CC=C2C2=CC=C(N)C=C12","HIV.TAR",-0.876,190.613,246.99,7,8,17,4,4,0,0.333,2,1,0.34,0.28,0.360663062810482
"Ethidium-Arg Conjugate 17","C[N+]1=C(C2=CC=CC(=C2)C(=O)NCCCCCC(=O)NCCC(=O)NC(CCCNC(N)=[NH2+])C([O-])=O)C2=CC(N)=CC=C2C2=CC=C(N)C=C12","Other",-0.876,190.613,246.99,7,8,17,4,4,0,0.333,2,1,0.34,0.28,0.360663062810482
"Ethidium-Arg Conjugate 20","COC(=O)C(CCCNC(N)=[NH2+])NC(=O)CCNC(=O)CCCCCNC(=O)C1=CC(=CC=C1)C1=[N+](C)C2=CC(N)=CC=C2C2=CC=C(N)C=C12","HIV.TAR",0.547,197.622,233.16,7,8,17,4,4,0,0.351,2,1,0.333333333333333,0.274509803921569,0.333153772842166
"Ethidium-Arg Conjugate 20","COC(=O)C(CCCNC(N)=[NH2+])NC(=O)CCNC(=O)CCCCCNC(=O)C1=CC(=CC=C1)C1=[N+](C)C2=CC(N)=CC=C2C2=CC=C(N)C=C12","Other",0.547,197.622,233.16,7,8,17,4,4,0,0.351,2,1,0.333333333333333,0.274509803921569,0.333153772842166
"S-Amino Acid Conjugate 13b","CC(=O)NC1=NC(=CS1)C1=CC(NC(=O)C(CNC(=O)[C@@H]([NH3+])CCCC[NH3+])NC(=O)[C@@H]([NH3+])CCCC[NH3+])=CC=C1","HIV.TAR",-2.647,151.988,239.85,6,8,17,2,2,0,0.5,2,1,0.425,0.35,0.413697108518521
"S-Amino Acid Conjugate 13b","CC(=O)NC1=NC(=CS1)C1=CC(NC(=O)C(CNC(=O)[C@@H]([NH3+])CCCC[NH3+])NC(=O)[C@@H]([NH3+])CCCC[NH3+])=CC=C1","tRNA",-2.647,151.988,239.85,6,8,17,2,2,0,0.5,2,1,0.425,0.35,0.413697108518521
"S-Amino Acid Conjugate 13b","CC(=O)NC1=NC(=CS1)C1=CC(NC(=O)C(CNC(=O)[C@@H]([NH3+])CCCC[NH3+])NC(=O)[C@@H]([NH3+])CCCC[NH3+])=CC=C1","HIV.TAR",-2.647,151.988,239.85,6,8,17,2,2,0,0.5,2,1,0.425,0.35,0.413697108518521
"S-Amino Acid Conjugate 14b","CC(=O)NC1=NC(=CS1)C1=CC(NC(=O)C(CNC(=O)[C@@H]([NH3+])CCCNC(N)=[NH2+])NC(=O)[C@@H]([NH3+])CCCNC(N)=[NH2+])=CC=C1","HIV.TAR",-6.584,165.489,311.85,6,12,17,2,2,0,0.423,2,1,0.386363636363636,0.409090909090909,0.490484429065744
"S-Amino Acid Conjugate 14b","CC(=O)NC1=NC(=CS1)C1=CC(NC(=O)C(CNC(=O)[C@@H]([NH3+])CCCNC(N)=[NH2+])NC(=O)[C@@H]([NH3+])CCCNC(N)=[NH2+])=CC=C1","tRNA",-6.584,165.489,311.85,6,12,17,2,2,0,0.423,2,1,0.386363636363636,0.409090909090909,0.490484429065744
"S-Amino Acid Conjugate 14b","CC(=O)NC1=NC(=CS1)C1=CC(NC(=O)C(CNC(=O)[C@@H]([NH3+])CCCNC(N)=[NH2+])NC(=O)[C@@H]([NH3+])CCCNC(N)=[NH2+])=CC=C1","HIV.TAR",-6.584,165.489,311.85,6,12,17,2,2,0,0.423,2,1,0.386363636363636,0.409090909090909,0.490484429065744
"Pyrido[2,3-d]pyrimidine 1-3","CC1CC2=C(NC1=O)N=C(NCC1=CC=C(CNC3=NC(N)=C4CC(C)C(=O)NC4=[NH+]3)C=C1)N=C2N","Repeat.RNA",1.336,135.74,187.11,9,6,6,5,3,2,0.333,1,0.6,0.166666666666667,0.333333333333333,0.382197220383852
"Pyrido[2,3-d]pyrimidine 1-3","CC1CC2=C(NC1=O)N=C(NCC1=CC=C(CNC3=NC(N)=C4CC(C)C(=O)NC4=[NH+]3)C=C1)N=C2N","Repeat.RNA",1.336,135.74,187.11,9,6,6,5,3,2,0.333,1,0.6,0.166666666666667,0.333333333333333,0.382197220383852
"Pyrido[2,3-d]pyrimidine 1-3","CC1CC2=C(NC1=O)N=C(NCC1=CC=C(CNC3=NC(N)=C4CC(C)C(=O)NC4=[NH+]3)C=C1)N=C2N","Repeat.RNA",1.336,135.74,187.11,9,6,6,5,3,2,0.333,1,0.6,0.166666666666667,0.333333333333333,0.382197220383852
"Daunorubicin Hydrochloride","COC1=C2C(=O)C3=C(C(O)=C4C[C@](O)(C[C@H](O[C@H]5C[C@H]([NH3+])[C@H](O)[C@H](C)O5)C4=C3O)C(C)=O)C(=O)C2=CC=C1","Repeat.RNA",0.312,129.043,187.46,10,5,4,5,2,3,0.444,1,0.4,0.105263157894737,0.289473684210526,0.354679169173601
"Daunorubicin Hydrochloride","COC1=C2C(=O)C3=C(C(O)=C4C[C@](O)(C[C@H](O[C@H]5C[C@H]([NH3+])[C@H](O)[C@H](C)O5)C4=C3O)C(C)=O)C(=O)C2=CC=C1","Repeat.RNA",0.312,129.043,187.46,10,5,4,5,2,3,0.444,1,0.4,0.105263157894737,0.289473684210526,0.354679169173601
"Daunorubicin Hydrochloride","COC1=C2C(=O)C3=C(C(O)=C4C[C@](O)(C[C@H](O[C@H]5C[C@H]([NH3+])[C@H](O)[C@H](C)O5)C4=C3O)C(C)=O)C(=O)C2=CC=C1","Repeat.RNA",0.312,129.043,187.46,10,5,4,5,2,3,0.444,1,0.4,0.105263157894737,0.289473684210526,0.354679169173601
"Daunorubicin Hydrochloride","COC1=C2C(=O)C3=C(C(O)=C4C[C@](O)(C[C@H](O[C@H]5C[C@H]([NH3+])[C@H](O)[C@H](C)O5)C4=C3O)C(C)=O)C(=O)C2=CC=C1","Other",0.312,129.043,187.46,10,5,4,5,2,3,0.444,1,0.4,0.105263157894737,0.289473684210526,0.354679169173601
"Compound 5","COC1=CC=C(C=C1)C1=C[NH+]=C(NCC2=CC=CC(OC)=C2)N1C","Other",3.136,94.277,49.56,3,1,6,3,3,0,0.211,0,1,0.25,0.208333333333333,0.152772468896808
"Compound 5","COC1=CC=C(C=C1)C1=C[NH+]=C(NCC2=CC=CC(OC)=C2)N1C","Other",3.136,94.277,49.56,3,1,6,3,3,0,0.211,0,1,0.25,0.208333333333333,0.152772468896808
"Compound 5","COC1=CC=C(C=C1)C1=C[NH+]=C(NCC2=CC=CC(OC)=C2)N1C","Other",3.136,94.277,49.56,3,1,6,3,3,0,0.211,0,1,0.25,0.208333333333333,0.152772468896808
"Compound 5","COC1=CC=C(C=C1)C1=C[NH+]=C(NCC2=CC=CC(OC)=C2)N1C","Other",3.136,94.277,49.56,3,1,6,3,3,0,0.211,0,1,0.25,0.208333333333333,0.152772468896808
"Compound 5","COC1=CC=C(C=C1)C1=C[NH+]=C(NCC2=CC=CC(OC)=C2)N1C","Other",3.136,94.277,49.56,3,1,6,3,3,0,0.211,0,1,0.25,0.208333333333333,0.152772468896808
"Compound 16","CC1=CC=C2NC(=NC2=C1)C1=C(N)N(CC1=O)C1CCCC1","Other",2.326,85.907,75.01,4,2,2,4,2,2,0.412,0,0.5,0.0909090909090909,0.227272727272727,0.253092376524257
"Compound 16","CC1=CC=C2NC(=NC2=C1)C1=C(N)N(CC1=O)C1CCCC1","Other",2.326,85.907,75.01,4,2,2,4,2,2,0.412,0,0.5,0.0909090909090909,0.227272727272727,0.253092376524257
"Compound 16","CC1=CC=C2NC(=NC2=C1)C1=C(N)N(CC1=O)C1CCCC1","Other",2.326,85.907,75.01,4,2,2,4,2,2,0.412,0,0.5,0.0909090909090909,0.227272727272727,0.253092376524257
"1a","C[NH+](C)CCOC1=C2C=CC=CC2=C2C3=CC=CC=C3C(=O)C2=C1","HIV.TAR",2.575,95.989,30.74,2,1,4,4,3,1,0.19,0,0.75,0.166666666666667,0.125,0.0965464390256159
"1a","C[NH+](C)CCOC1=C2C=CC=CC2=C2C3=CC=CC=C3C(=O)C2=C1","tRNA",2.575,95.989,30.74,2,1,4,4,3,1,0.19,0,0.75,0.166666666666667,0.125,0.0965464390256159
"1a","C[NH+](C)CCOC1=C2C=CC=CC2=C2C3=CC=CC=C3C(=O)C2=C1","HIV.TAR",2.575,95.989,30.74,2,1,4,4,3,1,0.19,0,0.75,0.166666666666667,0.125,0.0965464390256159
"1a","C[NH+](C)CCOC1=C2C=CC=CC2=C2C3=CC=CC=C3C(=O)C2=C1","HIV.TAR",2.575,95.989,30.74,2,1,4,4,3,1,0.19,0,0.75,0.166666666666667,0.125,0.0965464390256159
"1b","OC(C[NH2+]CC1CCCO1)CN1C2=C(C=C(Br)C=C2)C2=C1C=CC(Br)=C2","HIV.TAR",3.423,111.484,51,2,2,6,4,3,1,0.4,0,0.75,0.230769230769231,0.230769230769231,0.105541115507508
"1b","OC(C[NH2+]CC1CCCO1)CN1C2=C(C=C(Br)C=C2)C2=C1C=CC(Br)=C2","HIV.TAR",3.423,111.484,51,2,2,6,4,3,1,0.4,0,0.75,0.230769230769231,0.230769230769231,0.105541115507508
"1b","OC(C[NH2+]CC1CCCO1)CN1C2=C(C=C(Br)C=C2)C2=C1C=CC(Br)=C2","tRNA",3.423,111.484,51,2,2,6,4,3,1,0.4,0,0.75,0.230769230769231,0.230769230769231,0.105541115507508
"1b","OC(C[NH2+]CC1CCCO1)CN1C2=C(C=C(Br)C=C2)C2=C1C=CC(Br)=C2","HIV.TAR",3.423,111.484,51,2,2,6,4,3,1,0.4,0,0.75,0.230769230769231,0.230769230769231,0.105541115507508
"1b","OC(C[NH2+]CC1CCCO1)CN1C2=C(C=C(Br)C=C2)C2=C1C=CC(Br)=C2","HIV.TAR",3.423,111.484,51,2,2,6,4,3,1,0.4,0,0.75,0.230769230769231,0.230769230769231,0.105541115507508
"2a","FC1=C(F)C(SC2=CC=C(Cl)C=C2)=C(F)C(=N1)N1CC[NH2+]CC1","HIV.TAR",2.687,83.558,32.74,3,1,3,3,2,1,0.267,0,0.666666666666667,0.130434782608696,0.347826086956522,0.0907397758389411
"2a","FC1=C(F)C(SC2=CC=C(Cl)C=C2)=C(F)C(=N1)N1CC[NH2+]CC1","tRNA",2.687,83.558,32.74,3,1,3,3,2,1,0.267,0,0.666666666666667,0.130434782608696,0.347826086956522,0.0907397758389411
"2a","FC1=C(F)C(SC2=CC=C(Cl)C=C2)=C(F)C(=N1)N1CC[NH2+]CC1","HIV.TAR",2.687,83.558,32.74,3,1,3,3,2,1,0.267,0,0.666666666666667,0.130434782608696,0.347826086956522,0.0907397758389411
"2a","FC1=C(F)C(SC2=CC=C(Cl)C=C2)=C(F)C(=N1)N1CC[NH2+]CC1","HIV.TAR",2.687,83.558,32.74,3,1,3,3,2,1,0.267,0,0.666666666666667,0.130434782608696,0.347826086956522,0.0907397758389411
"Compound 2","CC[NH+](CC)CC[N+]1=CC2=C(C)C3=C(NC4=C3C=C(O)C=C4)C(C)=C2C=C1","G.Quadruplex",3.009,111.556,44.34,1,3,5,4,4,0,0.348,0,1,0.185185185185185,0.148148148148148,0.121979064937209
"Compound 3","CC1=C2C=C[N+](C)=CC2=C(C)C2=C1NC1=C2C=C(O)C=C1","G.Quadruplex",3.621,85.626,39.9,1,2,0,4,4,0,0.167,0,1,0,0.142857142857143,0.143863102899977
"Compound 4","COC1=CC2=C(NC3=C2C(C)=C2C=NC=CC2=C3C)C=C1","Other",4.495,87.132,37.91,2,1,1,4,4,0,0.167,0,1,0.0476190476190476,0.142857142857143,0.137186571566084
"Compound 4","COC1=CC2=C(NC3=C2C(C)=C2C=NC=CC2=C3C)C=C1","G.Quadruplex",4.495,87.132,37.91,2,1,1,4,4,0,0.167,0,1,0.0476190476190476,0.142857142857143,0.137186571566084
"Compound 4","COC1=CC2=C(NC3=C2C(C)=C2C=NC=CC2=C3C)C=C1","Other",4.495,87.132,37.91,2,1,1,4,4,0,0.167,0,1,0.0476190476190476,0.142857142857143,0.137186571566084
"Compound 4","COC1=CC2=C(NC3=C2C(C)=C2C=NC=CC2=C3C)C=C1","Other",4.495,87.132,37.91,2,1,1,4,4,0,0.167,0,1,0.0476190476190476,0.142857142857143,0.137186571566084
"Compound 4","COC1=CC2=C(NC3=C2C(C)=C2C=NC=CC2=C3C)C=C1","G.Quadruplex",4.495,87.132,37.91,2,1,1,4,4,0,0.167,0,1,0.0476190476190476,0.142857142857143,0.137186571566084
"Compound 4","COC1=CC2=C(NC3=C2C(C)=C2C=NC=CC2=C3C)C=C1","G.Quadruplex",4.495,87.132,37.91,2,1,1,4,4,0,0.167,0,1,0.0476190476190476,0.142857142857143,0.137186571566084
"Compound 4","COC1=CC2=C(NC3=C2C(C)=C2C=NC=CC2=C3C)C=C1","G.Quadruplex",4.495,87.132,37.91,2,1,1,4,4,0,0.167,0,1,0.0476190476190476,0.142857142857143,0.137186571566084
"Compound 4","COC1=CC2=C(NC3=C2C(C)=C2C=NC=CC2=C3C)C=C1","G.Quadruplex",4.495,87.132,37.91,2,1,1,4,4,0,0.167,0,1,0.0476190476190476,0.142857142857143,0.137186571566084
"Compound 4","COC1=CC2=C(NC3=C2C(C)=C2C=NC=CC2=C3C)C=C1","Repeat.RNA",4.495,87.132,37.91,2,1,1,4,4,0,0.167,0,1,0.0476190476190476,0.142857142857143,0.137186571566084
"Compound 4","COC1=CC2=C(NC3=C2C(C)=C2C=NC=CC2=C3C)C=C1","G.Quadruplex",4.495,87.132,37.91,2,1,1,4,4,0,0.167,0,1,0.0476190476190476,0.142857142857143,0.137186571566084
"Compound 18 (intronistat A)","CC(=O)C1=CC=C(C=C1)C1=CC=C2OC(=CC2=C1)C(=O)C1=CC(O)=C([O-])C(O)=C1","Ribozyme",4.018,104.305,110.8,6,2,4,4,4,0,0.043,0,1,0.137931034482759,0.206896551724138,0.286033658003908
"Compound 18 (intronistat A)","CC(=O)C1=CC=C(C=C1)C1=CC=C2OC(=CC2=C1)C(=O)C1=CC(O)=C([O-])C(O)=C1","Ribozyme",4.018,104.305,110.8,6,2,4,4,4,0,0.043,0,1,0.137931034482759,0.206896551724138,0.286033658003908
"Compound 18 (intronistat A)","CC(=O)C1=CC=C(C=C1)C1=CC=C2OC(=CC2=C1)C(=O)C1=CC(O)=C([O-])C(O)=C1","Other",4.018,104.305,110.8,6,2,4,4,4,0,0.043,0,1,0.137931034482759,0.206896551724138,0.286033658003908
"Compound 19 (intronistat B)","OC1=CC(=CC(O)=C1[O-])C(=O)C1=CC2=CC(=CC=C2O1)C(=O)NCC[NH+]1CCCC1","Ribozyme",0.557,105.995,127.27,6,4,6,4,3,1,0.273,0,0.75,0.2,0.266666666666667,0.310092440537393
"Compound 19 (intronistat B)","OC1=CC(=CC(O)=C1[O-])C(=O)C1=CC2=CC(=CC=C2O1)C(=O)NCC[NH+]1CCCC1","Ribozyme",0.557,105.995,127.27,6,4,6,4,3,1,0.273,0,0.75,0.2,0.266666666666667,0.310092440537393
"Compound 19 (intronistat B)","OC1=CC(=CC(O)=C1[O-])C(=O)C1=CC2=CC(=CC=C2O1)C(=O)NCC[NH+]1CCCC1","Ribozyme",0.557,105.995,127.27,6,4,6,4,3,1,0.273,0,0.75,0.2,0.266666666666667,0.310092440537393
"Compound 19 (intronistat B)","OC1=CC(=CC(O)=C1[O-])C(=O)C1=CC2=CC(=CC=C2O1)C(=O)NCC[NH+]1CCCC1","Ribozyme",0.557,105.995,127.27,6,4,6,4,3,1,0.273,0,0.75,0.2,0.266666666666667,0.310092440537393
"Compound 19 (intronistat B)","OC1=CC(=CC(O)=C1[O-])C(=O)C1=CC2=CC(=CC=C2O1)C(=O)NCC[NH+]1CCCC1","Ribozyme",0.557,105.995,127.27,6,4,6,4,3,1,0.273,0,0.75,0.2,0.266666666666667,0.310092440537393
"Compound 19 (intronistat B)","OC1=CC(=CC(O)=C1[O-])C(=O)C1=CC2=CC(=CC=C2O1)C(=O)NCC[NH+]1CCCC1","tRNA",0.557,105.995,127.27,6,4,6,4,3,1,0.273,0,0.75,0.2,0.266666666666667,0.310092440537393
"Compound 19 (intronistat B)","OC1=CC(=CC(O)=C1[O-])C(=O)C1=CC2=CC(=CC=C2O1)C(=O)NCC[NH+]1CCCC1","Ribozyme",0.557,105.995,127.27,6,4,6,4,3,1,0.273,0,0.75,0.2,0.266666666666667,0.310092440537393
"Compound 19 (intronistat B)","OC1=CC(=CC(O)=C1[O-])C(=O)C1=CC2=CC(=CC=C2O1)C(=O)NCC[NH+]1CCCC1","Ribozyme",0.557,105.995,127.27,6,4,6,4,3,1,0.273,0,0.75,0.2,0.266666666666667,0.310092440537393
"Compound 19 (intronistat B)","OC1=CC(=CC(O)=C1[O-])C(=O)C1=CC2=CC(=CC=C2O1)C(=O)NCC[NH+]1CCCC1","tRNA",0.557,105.995,127.27,6,4,6,4,3,1,0.273,0,0.75,0.2,0.266666666666667,0.310092440537393
"Piperine ","O=C(\C=C\C=C\C1=CC=C2OCOC2=C1)N1CCCCC1","Other",2.997,81.17,38.77,3,0,3,3,1,2,0.353,0,0.333333333333333,0.142857142857143,0.19047619047619,0.135871565098846
"Piperine ","O=C(\C=C\C=C\C1=CC=C2OCOC2=C1)N1CCCCC1","Other",2.997,81.17,38.77,3,0,3,3,1,2,0.353,0,0.333333333333333,0.142857142857143,0.19047619047619,0.135871565098846
"Piperine ","O=C(\C=C\C=C\C1=CC=C2OCOC2=C1)N1CCCCC1","Repeat.RNA",2.997,81.17,38.77,3,0,3,3,1,2,0.353,0,0.333333333333333,0.142857142857143,0.19047619047619,0.135871565098846
"Piperine ","O=C(\C=C\C=C\C1=CC=C2OCOC2=C1)N1CCCCC1","Other",2.997,81.17,38.77,3,0,3,3,1,2,0.353,0,0.333333333333333,0.142857142857143,0.19047619047619,0.135871565098846
"Piperine ","O=C(\C=C\C=C\C1=CC=C2OCOC2=C1)N1CCCCC1","Repeat.RNA",2.997,81.17,38.77,3,0,3,3,1,2,0.353,0,0.333333333333333,0.142857142857143,0.19047619047619,0.135871565098846
"Piperine ","O=C(\C=C\C=C\C1=CC=C2OCOC2=C1)N1CCCCC1","tRNA",2.997,81.17,38.77,3,0,3,3,1,2,0.353,0,0.333333333333333,0.142857142857143,0.19047619047619,0.135871565098846
"Piperine ","O=C(\C=C\C=C\C1=CC=C2OCOC2=C1)N1CCCCC1","Repeat.RNA",2.997,81.17,38.77,3,0,3,3,1,2,0.353,0,0.333333333333333,0.142857142857143,0.19047619047619,0.135871565098846
"Piperine ","O=C(\C=C\C=C\C1=CC=C2OCOC2=C1)N1CCCCC1","Repeat.RNA",2.997,81.17,38.77,3,0,3,3,1,2,0.353,0,0.333333333333333,0.142857142857143,0.19047619047619,0.135871565098846
"Piperine ","O=C(\C=C\C=C\C1=CC=C2OCOC2=C1)N1CCCCC1","Repeat.RNA",2.997,81.17,38.77,3,0,3,3,1,2,0.353,0,0.333333333333333,0.142857142857143,0.19047619047619,0.135871565098846
"Piperine ","O=C(\C=C\C=C\C1=CC=C2OCOC2=C1)N1CCCCC1","Repeat.RNA",2.997,81.17,38.77,3,0,3,3,1,2,0.353,0,0.333333333333333,0.142857142857143,0.19047619047619,0.135871565098846
"Piperine ","O=C(\C=C\C=C\C1=CC=C2OCOC2=C1)N1CCCCC1","Repeat.RNA",2.997,81.17,38.77,3,0,3,3,1,2,0.353,0,0.333333333333333,0.142857142857143,0.19047619047619,0.135871565098846
"Piperine ","O=C(\C=C\C=C\C1=CC=C2OCOC2=C1)N1CCCCC1","Repeat.RNA",2.997,81.17,38.77,3,0,3,3,1,2,0.353,0,0.333333333333333,0.142857142857143,0.19047619047619,0.135871565098846
"Piperine ","O=C(\C=C\C=C\C1=CC=C2OCOC2=C1)N1CCCCC1","Repeat.RNA",2.997,81.17,38.77,3,0,3,3,1,2,0.353,0,0.333333333333333,0.142857142857143,0.19047619047619,0.135871565098846
"Piperine ","O=C(\C=C\C=C\C1=CC=C2OCOC2=C1)N1CCCCC1","Repeat.RNA",2.997,81.17,38.77,3,0,3,3,1,2,0.353,0,0.333333333333333,0.142857142857143,0.19047619047619,0.135871565098846
"Piperine ","O=C(\C=C\C=C\C1=CC=C2OCOC2=C1)N1CCCCC1","Other",2.997,81.17,38.77,3,0,3,3,1,2,0.353,0,0.333333333333333,0.142857142857143,0.19047619047619,0.135871565098846
"Piperine ","O=C(\C=C\C=C\C1=CC=C2OCOC2=C1)N1CCCCC1","mRNA",2.997,81.17,38.77,3,0,3,3,1,2,0.353,0,0.333333333333333,0.142857142857143,0.19047619047619,0.135871565098846
"Piperine ","O=C(\C=C\C=C\C1=CC=C2OCOC2=C1)N1CCCCC1","Other",2.997,81.17,38.77,3,0,3,3,1,2,0.353,0,0.333333333333333,0.142857142857143,0.19047619047619,0.135871565098846
"Compound 3","COC1=CC=C(C=C1)C(=O)C1=NC2=C(C(=O)OC3=CC=CC=C23)C(=C1N)C1=CC=CC=C1","Repeat.RNA",4.83,124.06,95.42,6,1,4,5,5,0,0.038,0,1,0.125,0.1875,0.225878231228103
"Compound 3","COC1=CC=C(C=C1)C(=O)C1=NC2=C(C(=O)OC3=CC=CC=C23)C(=C1N)C1=CC=CC=C1","Repeat.RNA",4.83,124.06,95.42,6,1,4,5,5,0,0.038,0,1,0.125,0.1875,0.225878231228103
"Compound 3","COC1=CC=C(C=C1)C(=O)C1=NC2=C(C(=O)OC3=CC=CC=C23)C(=C1N)C1=CC=CC=C1","Repeat.RNA",4.83,124.06,95.42,6,1,4,5,5,0,0.038,0,1,0.125,0.1875,0.225878231228103
"Compound 3","COC1=CC=C(C=C1)C(=O)C1=NC2=C(C(=O)OC3=CC=CC=C23)C(=C1N)C1=CC=CC=C1","Repeat.RNA",4.83,124.06,95.42,6,1,4,5,5,0,0.038,0,1,0.125,0.1875,0.225878231228103
"Compound 3","COC1=CC=C(C=C1)C(=O)C1=NC2=C(C(=O)OC3=CC=CC=C23)C(=C1N)C1=CC=CC=C1","Repeat.RNA",4.83,124.06,95.42,6,1,4,5,5,0,0.038,0,1,0.125,0.1875,0.225878231228103
"Compound 3","COC1=CC=C(C=C1)C(=O)C1=NC2=C(C(=O)OC3=CC=CC=C23)C(=C1N)C1=CC=CC=C1","Other",4.83,124.06,95.42,6,1,4,5,5,0,0.038,0,1,0.125,0.1875,0.225878231228103
"Compound 3","COC1=CC=C(C=C1)C(=O)C1=NC2=C(C(=O)OC3=CC=CC=C23)C(=C1N)C1=CC=CC=C1","Other",4.83,124.06,95.42,6,1,4,5,5,0,0.038,0,1,0.125,0.1875,0.225878231228103
"Compound 3","COC1=CC=C(C=C1)C(=O)C1=NC2=C(C(=O)OC3=CC=CC=C23)C(=C1N)C1=CC=CC=C1","Repeat.RNA",4.83,124.06,95.42,6,1,4,5,5,0,0.038,0,1,0.125,0.1875,0.225878231228103
"Compound 3","COC1=CC=C(C=C1)C(=O)C1=NC2=C(C(=O)OC3=CC=CC=C23)C(=C1N)C1=CC=CC=C1","Repeat.RNA",4.83,124.06,95.42,6,1,4,5,5,0,0.038,0,1,0.125,0.1875,0.225878231228103
"Compound 3","COC1=CC=C(C=C1)C(=O)C1=NC2=C(C(=O)OC3=CC=CC=C23)C(=C1N)C1=CC=CC=C1","Repeat.RNA",4.83,124.06,95.42,6,1,4,5,5,0,0.038,0,1,0.125,0.1875,0.225878231228103
"Compound 15","COC1=CC=C(C=C1)C(=O)C1=NC2=C(C(=O)OC3=CC=C(Br)C=C23)C(=C1N)C1=CC=CC=C1","Repeat.RNA",5.593,131.76,95.42,6,1,4,5,5,0,0.038,2,1,0.121212121212121,0.212121212121212,0.190331434407264
"Compound 15","COC1=CC=C(C=C1)C(=O)C1=NC2=C(C(=O)OC3=CC=C(Br)C=C23)C(=C1N)C1=CC=CC=C1","Repeat.RNA",5.593,131.76,95.42,6,1,4,5,5,0,0.038,2,1,0.121212121212121,0.212121212121212,0.190331434407264
"Compound 15","COC1=CC=C(C=C1)C(=O)C1=NC2=C(C(=O)OC3=CC=C(Br)C=C23)C(=C1N)C1=CC=CC=C1","Repeat.RNA",5.593,131.76,95.42,6,1,4,5,5,0,0.038,2,1,0.121212121212121,0.212121212121212,0.190331434407264
"Compound 15","COC1=CC=C(C=C1)C(=O)C1=NC2=C(C(=O)OC3=CC=C(Br)C=C23)C(=C1N)C1=CC=CC=C1","Repeat.RNA",5.593,131.76,95.42,6,1,4,5,5,0,0.038,2,1,0.121212121212121,0.212121212121212,0.190331434407264
"Compound 15","COC1=CC=C(C=C1)C(=O)C1=NC2=C(C(=O)OC3=CC=C(Br)C=C23)C(=C1N)C1=CC=CC=C1","Repeat.RNA",5.593,131.76,95.42,6,1,4,5,5,0,0.038,2,1,0.121212121212121,0.212121212121212,0.190331434407264
"Compound 15","COC1=CC=C(C=C1)C(=O)C1=NC2=C(C(=O)OC3=CC=C(Br)C=C23)C(=C1N)C1=CC=CC=C1","Other",5.593,131.76,95.42,6,1,4,5,5,0,0.038,2,1,0.121212121212121,0.212121212121212,0.190331434407264
"Compound 15","COC1=CC=C(C=C1)C(=O)C1=NC2=C(C(=O)OC3=CC=C(Br)C=C23)C(=C1N)C1=CC=CC=C1","Other",5.593,131.76,95.42,6,1,4,5,5,0,0.038,2,1,0.121212121212121,0.212121212121212,0.190331434407264
"Compound 15","COC1=CC=C(C=C1)C(=O)C1=NC2=C(C(=O)OC3=CC=C(Br)C=C23)C(=C1N)C1=CC=CC=C1","Repeat.RNA",5.593,131.76,95.42,6,1,4,5,5,0,0.038,2,1,0.121212121212121,0.212121212121212,0.190331434407264
"Compound 15","COC1=CC=C(C=C1)C(=O)C1=NC2=C(C(=O)OC3=CC=C(Br)C=C23)C(=C1N)C1=CC=CC=C1","Repeat.RNA",5.593,131.76,95.42,6,1,4,5,5,0,0.038,2,1,0.121212121212121,0.212121212121212,0.190331434407264
"Compound 15","COC1=CC=C(C=C1)C(=O)C1=NC2=C(C(=O)OC3=CC=C(Br)C=C23)C(=C1N)C1=CC=CC=C1","Repeat.RNA",5.593,131.76,95.42,6,1,4,5,5,0,0.038,2,1,0.121212121212121,0.212121212121212,0.190331434407264
"PyDH2","C[N+]1=CC=C(C=NNC(=O)C2=CC=CC(=N2)C(=O)NN=CC2=C3C=CC=CC3=[N+](C)C=C2)C2=CC=CC=C12","G.Quadruplex",2.565,144.605,103.57,5,2,6,5,5,0,0.069,1,1,0.157894736842105,0.236842105263158,0.205673139171429
"PyDH2","C[N+]1=CC=C(C=NNC(=O)C2=CC=CC(=N2)C(=O)NN=CC2=C3C=CC=CC3=[N+](C)C=C2)C2=CC=CC=C12","G.Quadruplex",2.565,144.605,103.57,5,2,6,5,5,0,0.069,1,1,0.157894736842105,0.236842105263158,0.205673139171429
"PyDH2","C[N+]1=CC=C(C=NNC(=O)C2=CC=CC(=N2)C(=O)NN=CC2=C3C=CC=CC3=[N+](C)C=C2)C2=CC=CC=C12","mRNA",2.565,144.605,103.57,5,2,6,5,5,0,0.069,1,1,0.157894736842105,0.236842105263158,0.205673139171429
"PhenDH2","C[N+]1=CC=C(C=NNC(=O)C2=NC3=C(C=CC4=C3N=C(C=C4)C(=O)NN=CC3=C4C=CC=CC4=[N+](C)C=C3)C=C2)C2=CC=CC=C12","G.Quadruplex",4.266,177.412,116.46,6,2,6,7,7,0,0.056,1,1,0.130434782608696,0.217391304347826,0.192599648736344
"PhenDH2","C[N+]1=CC=C(C=NNC(=O)C2=NC3=C(C=CC4=C3N=C(C=C4)C(=O)NN=CC3=C4C=CC=CC4=[N+](C)C=C3)C=C2)C2=CC=CC=C12","G.Quadruplex",4.266,177.412,116.46,6,2,6,7,7,0,0.056,1,1,0.130434782608696,0.217391304347826,0.192599648736344
"PhenDH2","C[N+]1=CC=C(C=NNC(=O)C2=NC3=C(C=CC4=C3N=C(C=C4)C(=O)NN=CC3=C4C=CC=CC4=[N+](C)C=C3)C=C2)C2=CC=CC=C12","mRNA",4.266,177.412,116.46,6,2,6,7,7,0,0.056,1,1,0.130434782608696,0.217391304347826,0.192599648736344
"PhenDH2","C[N+]1=CC=C(C=NNC(=O)C2=NC3=C(C=CC4=C3N=C(C=C4)C(=O)NN=CC3=C4C=CC=CC4=[N+](C)C=C3)C=C2)C2=CC=CC=C12","Other",4.266,177.412,116.46,6,2,6,7,7,0,0.056,1,1,0.130434782608696,0.217391304347826,0.192599648736344
"Pseudopalmatine","COC1=CC2=CC3=[N+](CCC4=CC(OC)=C(OC)C=C34)C=C2C=C1OC","miRNA",3.385,99.491,40.8,4,0,4,4,3,1,0.286,0,0.75,0.153846153846154,0.192307692307692,0.115774240231548
"4a-10","CSC1=CC=C(\C=C\C2=CC3=C(NCC[NH+]4CCCC4)C4=C([NH+]=C3C=C2)C2=C(O4)C=CC=C2)C=C1","G.Quadruplex",5.536,148.22,43.75,3,2,7,6,5,1,0.233,1,0.833333333333333,0.2,0.142857142857143,0.0908307641202911
"4a-10","CSC1=CC=C(\C=C\C2=CC3=C(NCC[NH+]4CCCC4)C4=C([NH+]=C3C=C2)C2=C(O4)C=CC=C2)C=C1","Other",5.536,148.22,43.75,3,2,7,6,5,1,0.233,1,0.833333333333333,0.2,0.142857142857143,0.0908307641202911
"4a-10","CSC1=CC=C(\C=C\C2=CC3=C(NCC[NH+]4CCCC4)C4=C([NH+]=C3C=C2)C2=C(O4)C=CC=C2)C=C1","Other",5.536,148.22,43.75,3,2,7,6,5,1,0.233,1,0.833333333333333,0.2,0.142857142857143,0.0908307641202911
"4a-10","CSC1=CC=C(\C=C\C2=CC3=C(NCC[NH+]4CCCC4)C4=C([NH+]=C3C=C2)C2=C(O4)C=CC=C2)C=C1","Other",5.536,148.22,43.75,3,2,7,6,5,1,0.233,1,0.833333333333333,0.2,0.142857142857143,0.0908307641202911
"4a-16","CSC1=CC=C(\C=C\C2=CC3=C(NCCN4CC[NH+](C)CC4)C4=C([NH+]=C3C=C2)C2=C(O4)C=CC=C2)C=C1","G.Quadruplex",4.688,156.483,46.99,4,2,7,6,5,1,0.258,1,0.833333333333333,0.189189189189189,0.162162162162162,0.0920097041943815
"4a-16","CSC1=CC=C(\C=C\C2=CC3=C(NCCN4CC[NH+](C)CC4)C4=C([NH+]=C3C=C2)C2=C(O4)C=CC=C2)C=C1","Other",4.688,156.483,46.99,4,2,7,6,5,1,0.258,1,0.833333333333333,0.189189189189189,0.162162162162162,0.0920097041943815
"4a-16","CSC1=CC=C(\C=C\C2=CC3=C(NCCN4CC[NH+](C)CC4)C4=C([NH+]=C3C=C2)C2=C(O4)C=CC=C2)C=C1","Other",4.688,156.483,46.99,4,2,7,6,5,1,0.258,1,0.833333333333333,0.189189189189189,0.162162162162162,0.0920097041943815
"4a-16","CSC1=CC=C(\C=C\C2=CC3=C(NCCN4CC[NH+](C)CC4)C4=C([NH+]=C3C=C2)C2=C(O4)C=CC=C2)C=C1","Other",4.688,156.483,46.99,4,2,7,6,5,1,0.258,1,0.833333333333333,0.189189189189189,0.162162162162162,0.0920097041943815
"ThT-NE","CCN(CC)C1=CC=C(C=C1)C1=[N+](C)C2=CC=C(C)C=C2S1","Other",4.547,96.735,7.12,2,0,4,3,3,0,0.316,0,1,0.181818181818182,0.136363636363636,0.0228590508357038
"ThT-NE","CCN(CC)C1=CC=C(C=C1)C1=[N+](C)C2=CC=C(C)C=C2S1","Other",4.547,96.735,7.12,2,0,4,3,3,0,0.316,0,1,0.181818181818182,0.136363636363636,0.0228590508357038
"ThT-NE","CCN(CC)C1=CC=C(C=C1)C1=[N+](C)C2=CC=C(C)C=C2S1","Other",4.547,96.735,7.12,2,0,4,3,3,0,0.316,0,1,0.181818181818182,0.136363636363636,0.0228590508357038
"ThT-NE","CCN(CC)C1=CC=C(C=C1)C1=[N+](C)C2=CC=C(C)C=C2S1","G.Quadruplex",4.547,96.735,7.12,2,0,4,3,3,0,0.316,0,1,0.181818181818182,0.136363636363636,0.0228590508357038
"ThT-NE","CCN(CC)C1=CC=C(C=C1)C1=[N+](C)C2=CC=C(C)C=C2S1","Other",4.547,96.735,7.12,2,0,4,3,3,0,0.316,0,1,0.181818181818182,0.136363636363636,0.0228590508357038
"ThT-NE","CCN(CC)C1=CC=C(C=C1)C1=[N+](C)C2=CC=C(C)C=C2S1","Other",4.547,96.735,7.12,2,0,4,3,3,0,0.316,0,1,0.181818181818182,0.136363636363636,0.0228590508357038
"ThT-NE","CCN(CC)C1=CC=C(C=C1)C1=[N+](C)C2=CC=C(C)C=C2S1","Other",4.547,96.735,7.12,2,0,4,3,3,0,0.316,0,1,0.181818181818182,0.136363636363636,0.0228590508357038
"ThT-NE","CCN(CC)C1=CC=C(C=C1)C1=[N+](C)C2=CC=C(C)C=C2S1","miRNA",4.547,96.735,7.12,2,0,4,3,3,0,0.316,0,1,0.181818181818182,0.136363636363636,0.0228590508357038
"ThT-NE","CCN(CC)C1=CC=C(C=C1)C1=[N+](C)C2=CC=C(C)C=C2S1","Other",4.547,96.735,7.12,2,0,4,3,3,0,0.316,0,1,0.181818181818182,0.136363636363636,0.0228590508357038
"ThT-NE","CCN(CC)C1=CC=C(C=C1)C1=[N+](C)C2=CC=C(C)C=C2S1","G.Quadruplex",4.547,96.735,7.12,2,0,4,3,3,0,0.316,0,1,0.181818181818182,0.136363636363636,0.0228590508357038
"ThT-NE","CCN(CC)C1=CC=C(C=C1)C1=[N+](C)C2=CC=C(C)C=C2S1","G.Quadruplex",4.547,96.735,7.12,2,0,4,3,3,0,0.316,0,1,0.181818181818182,0.136363636363636,0.0228590508357038
"ThT-NE","CCN(CC)C1=CC=C(C=C1)C1=[N+](C)C2=CC=C(C)C=C2S1","Other",4.547,96.735,7.12,2,0,4,3,3,0,0.316,0,1,0.181818181818182,0.136363636363636,0.0228590508357038
"ThT-NE","CCN(CC)C1=CC=C(C=C1)C1=[N+](C)C2=CC=C(C)C=C2S1","Other",4.547,96.735,7.12,2,0,4,3,3,0,0.316,0,1,0.181818181818182,0.136363636363636,0.0228590508357038
"ThT-NE","CCN(CC)C1=CC=C(C=C1)C1=[N+](C)C2=CC=C(C)C=C2S1","Other",4.547,96.735,7.12,2,0,4,3,3,0,0.316,0,1,0.181818181818182,0.136363636363636,0.0228590508357038
"ThT-NE","CCN(CC)C1=CC=C(C=C1)C1=[N+](C)C2=CC=C(C)C=C2S1","Other",4.547,96.735,7.12,2,0,4,3,3,0,0.316,0,1,0.181818181818182,0.136363636363636,0.0228590508357038
"ThT-NE","CCN(CC)C1=CC=C(C=C1)C1=[N+](C)C2=CC=C(C)C=C2S1","Other",4.547,96.735,7.12,2,0,4,3,3,0,0.316,0,1,0.181818181818182,0.136363636363636,0.0228590508357038
"ThT-NE","CCN(CC)C1=CC=C(C=C1)C1=[N+](C)C2=CC=C(C)C=C2S1","Other",4.547,96.735,7.12,2,0,4,3,3,0,0.316,0,1,0.181818181818182,0.136363636363636,0.0228590508357038
"ThT-NE","CCN(CC)C1=CC=C(C=C1)C1=[N+](C)C2=CC=C(C)C=C2S1","Other",4.547,96.735,7.12,2,0,4,3,3,0,0.316,0,1,0.181818181818182,0.136363636363636,0.0228590508357038
"ThT-NE","CCN(CC)C1=CC=C(C=C1)C1=[N+](C)C2=CC=C(C)C=C2S1","tRNA",4.547,96.735,7.12,2,0,4,3,3,0,0.316,0,1,0.181818181818182,0.136363636363636,0.0228590508357038
"ThT-NE","CCN(CC)C1=CC=C(C=C1)C1=[N+](C)C2=CC=C(C)C=C2S1","Other",4.547,96.735,7.12,2,0,4,3,3,0,0.316,0,1,0.181818181818182,0.136363636363636,0.0228590508357038
"ThT-NE","CCN(CC)C1=CC=C(C=C1)C1=[N+](C)C2=CC=C(C)C=C2S1","Other",4.547,96.735,7.12,2,0,4,3,3,0,0.316,0,1,0.181818181818182,0.136363636363636,0.0228590508357038
"ThT-NE","CCN(CC)C1=CC=C(C=C1)C1=[N+](C)C2=CC=C(C)C=C2S1","Other",4.547,96.735,7.12,2,0,4,3,3,0,0.316,0,1,0.181818181818182,0.136363636363636,0.0228590508357038
"ThT-NE","CCN(CC)C1=CC=C(C=C1)C1=[N+](C)C2=CC=C(C)C=C2S1","Other",4.547,96.735,7.12,2,0,4,3,3,0,0.316,0,1,0.181818181818182,0.136363636363636,0.0228590508357038
"ThT-NE","CCN(CC)C1=CC=C(C=C1)C1=[N+](C)C2=CC=C(C)C=C2S1","Other",4.547,96.735,7.12,2,0,4,3,3,0,0.316,0,1,0.181818181818182,0.136363636363636,0.0228590508357038
"ThT-NE","CCN(CC)C1=CC=C(C=C1)C1=[N+](C)C2=CC=C(C)C=C2S1","Other",4.547,96.735,7.12,2,0,4,3,3,0,0.316,0,1,0.181818181818182,0.136363636363636,0.0228590508357038
"ThT-NE","CCN(CC)C1=CC=C(C=C1)C1=[N+](C)C2=CC=C(C)C=C2S1","Other",4.547,96.735,7.12,2,0,4,3,3,0,0.316,0,1,0.181818181818182,0.136363636363636,0.0228590508357038
"ThT-NE","CCN(CC)C1=CC=C(C=C1)C1=[N+](C)C2=CC=C(C)C=C2S1","Other",4.547,96.735,7.12,2,0,4,3,3,0,0.316,0,1,0.181818181818182,0.136363636363636,0.0228590508357038
"ThT-NE","CCN(CC)C1=CC=C(C=C1)C1=[N+](C)C2=CC=C(C)C=C2S1","Other",4.547,96.735,7.12,2,0,4,3,3,0,0.316,0,1,0.181818181818182,0.136363636363636,0.0228590508357038
"ThT-NE","CCN(CC)C1=CC=C(C=C1)C1=[N+](C)C2=CC=C(C)C=C2S1","Other",4.547,96.735,7.12,2,0,4,3,3,0,0.316,0,1,0.181818181818182,0.136363636363636,0.0228590508357038
"ThT-NE","CCN(CC)C1=CC=C(C=C1)C1=[N+](C)C2=CC=C(C)C=C2S1","Other",4.547,96.735,7.12,2,0,4,3,3,0,0.316,0,1,0.181818181818182,0.136363636363636,0.0228590508357038
"ThT-NE","CCN(CC)C1=CC=C(C=C1)C1=[N+](C)C2=CC=C(C)C=C2S1","Other",4.547,96.735,7.12,2,0,4,3,3,0,0.316,0,1,0.181818181818182,0.136363636363636,0.0228590508357038
"ThT-NE","CCN(CC)C1=CC=C(C=C1)C1=[N+](C)C2=CC=C(C)C=C2S1","Other",4.547,96.735,7.12,2,0,4,3,3,0,0.316,0,1,0.181818181818182,0.136363636363636,0.0228590508357038
"ThT-NE","CCN(CC)C1=CC=C(C=C1)C1=[N+](C)C2=CC=C(C)C=C2S1","Other",4.547,96.735,7.12,2,0,4,3,3,0,0.316,0,1,0.181818181818182,0.136363636363636,0.0228590508357038
"ThT-NE","CCN(CC)C1=CC=C(C=C1)C1=[N+](C)C2=CC=C(C)C=C2S1","Other",4.547,96.735,7.12,2,0,4,3,3,0,0.316,0,1,0.181818181818182,0.136363636363636,0.0228590508357038
"ThT-NE","CCN(CC)C1=CC=C(C=C1)C1=[N+](C)C2=CC=C(C)C=C2S1","Other",4.547,96.735,7.12,2,0,4,3,3,0,0.316,0,1,0.181818181818182,0.136363636363636,0.0228590508357038
"ThT-NE","CCN(CC)C1=CC=C(C=C1)C1=[N+](C)C2=CC=C(C)C=C2S1","Other",4.547,96.735,7.12,2,0,4,3,3,0,0.316,0,1,0.181818181818182,0.136363636363636,0.0228590508357038
"ThT-NE","CCN(CC)C1=CC=C(C=C1)C1=[N+](C)C2=CC=C(C)C=C2S1","G.Quadruplex",4.547,96.735,7.12,2,0,4,3,3,0,0.316,0,1,0.181818181818182,0.136363636363636,0.0228590508357038
"ThT-NE","CCN(CC)C1=CC=C(C=C1)C1=[N+](C)C2=CC=C(C)C=C2S1","mRNA",4.547,96.735,7.12,2,0,4,3,3,0,0.316,0,1,0.181818181818182,0.136363636363636,0.0228590508357038
"ThT-NE","CCN(CC)C1=CC=C(C=C1)C1=[N+](C)C2=CC=C(C)C=C2S1","G.Quadruplex",4.547,96.735,7.12,2,0,4,3,3,0,0.316,0,1,0.181818181818182,0.136363636363636,0.0228590508357038
"ThT-NE","CCN(CC)C1=CC=C(C=C1)C1=[N+](C)C2=CC=C(C)C=C2S1","G.Quadruplex",4.547,96.735,7.12,2,0,4,3,3,0,0.316,0,1,0.181818181818182,0.136363636363636,0.0228590508357038
"ThT-NE","CCN(CC)C1=CC=C(C=C1)C1=[N+](C)C2=CC=C(C)C=C2S1","G.Quadruplex",4.547,96.735,7.12,2,0,4,3,3,0,0.316,0,1,0.181818181818182,0.136363636363636,0.0228590508357038
"ThT-NE","CCN(CC)C1=CC=C(C=C1)C1=[N+](C)C2=CC=C(C)C=C2S1","G.Quadruplex",4.547,96.735,7.12,2,0,4,3,3,0,0.316,0,1,0.181818181818182,0.136363636363636,0.0228590508357038
"ThT-NE","CCN(CC)C1=CC=C(C=C1)C1=[N+](C)C2=CC=C(C)C=C2S1","G.Quadruplex",4.547,96.735,7.12,2,0,4,3,3,0,0.316,0,1,0.181818181818182,0.136363636363636,0.0228590508357038
"ThT-NE","CCN(CC)C1=CC=C(C=C1)C1=[N+](C)C2=CC=C(C)C=C2S1","G.Quadruplex",4.547,96.735,7.12,2,0,4,3,3,0,0.316,0,1,0.181818181818182,0.136363636363636,0.0228590508357038
"ThT-NE","CCN(CC)C1=CC=C(C=C1)C1=[N+](C)C2=CC=C(C)C=C2S1","G.Quadruplex",4.547,96.735,7.12,2,0,4,3,3,0,0.316,0,1,0.181818181818182,0.136363636363636,0.0228590508357038
"ThT-NE","CCN(CC)C1=CC=C(C=C1)C1=[N+](C)C2=CC=C(C)C=C2S1","G.Quadruplex",4.547,96.735,7.12,2,0,4,3,3,0,0.316,0,1,0.181818181818182,0.136363636363636,0.0228590508357038
"ThT-NE","CCN(CC)C1=CC=C(C=C1)C1=[N+](C)C2=CC=C(C)C=C2S1","G.Quadruplex",4.547,96.735,7.12,2,0,4,3,3,0,0.316,0,1,0.181818181818182,0.136363636363636,0.0228590508357038
"ThT-NE","CCN(CC)C1=CC=C(C=C1)C1=[N+](C)C2=CC=C(C)C=C2S1","G.Quadruplex",4.547,96.735,7.12,2,0,4,3,3,0,0.316,0,1,0.181818181818182,0.136363636363636,0.0228590508357038
"Targaprimir-515/885","C[NH+]1CCN(CC1)C1=CC=C2NC(=NC2=C1)C1=CC=C2NC(=NC2=C1)C1=CC(=C(OCCCC(=O)NCCCN=[N+]=[N-])C(=C1)C(C)(C)C)C(C)(C)C","miRNA",6.679,209.22,152.13,6,4,12,6,5,1,0.475,2,0.833333333333333,0.230769230769231,0.230769230769231,0.215502343001876
"Targaprimir-515/885","C[NH+]1CCN(CC1)C1=CC=C2NC(=NC2=C1)C1=CC=C2NC(=NC2=C1)C1=CC(=C(OCCCC(=O)NCCCN=[N+]=[N-])C(=C1)C(C)(C)C)C(C)(C)C","miRNA",6.679,209.22,152.13,6,4,12,6,5,1,0.475,2,0.833333333333333,0.230769230769231,0.230769230769231,0.215502343001876
"Targaprimir-515/885","C[NH+]1CCN(CC1)C1=CC=C2NC(=NC2=C1)C1=CC=C2NC(=NC2=C1)C1=CC(=C(OCCCC(=O)NCCCN=[N+]=[N-])C(=C1)C(C)(C)C)C(C)(C)C","miRNA",6.679,209.22,152.13,6,4,12,6,5,1,0.475,2,0.833333333333333,0.230769230769231,0.230769230769231,0.215502343001876
"Targaprimir-515/885","C[NH+]1CCN(CC1)C1=CC=C2NC(=NC2=C1)C1=CC=C2NC(=NC2=C1)C1=CC(=C(OCCCC(=O)NCCCN=[N+]=[N-])C(=C1)C(C)(C)C)C(C)(C)C","Other",6.679,209.22,152.13,6,4,12,6,5,1,0.475,2,0.833333333333333,0.230769230769231,0.230769230769231,0.215502343001876
"Targaprimir-515/885","C[NH+]1CCN(CC1)C1=CC=C2NC(=NC2=C1)C1=CC=C2NC(=NC2=C1)C1=CC(=C(OCCCC(=O)NCCCN=[N+]=[N-])C(=C1)C(C)(C)C)C(C)(C)C","tRNA",6.679,209.22,152.13,6,4,12,6,5,1,0.475,2,0.833333333333333,0.230769230769231,0.230769230769231,0.215502343001876
"Targaprimir-515/885","C[NH+]1CCN(CC1)C1=CC=C2NC(=NC2=C1)C1=CC=C2NC(=NC2=C1)C1=CC(=C(OCCCC(=O)NCCCN=[N+]=[N-])C(=C1)C(C)(C)C)C(C)(C)C","miRNA",6.679,209.22,152.13,6,4,12,6,5,1,0.475,2,0.833333333333333,0.230769230769231,0.230769230769231,0.215502343001876
"Targaprimir-515/885","C[NH+]1CCN(CC1)C1=CC=C2NC(=NC2=C1)C1=CC=C2NC(=NC2=C1)C1=CC(=C(OCCCC(=O)NCCCN=[N+]=[N-])C(=C1)C(C)(C)C)C(C)(C)C","miRNA",6.679,209.22,152.13,6,4,12,6,5,1,0.475,2,0.833333333333333,0.230769230769231,0.230769230769231,0.215502343001876
"Targaprimir-515/885","C[NH+]1CCN(CC1)C1=CC=C2NC(=NC2=C1)C1=CC=C2NC(=NC2=C1)C1=CC(=C(OCCCC(=O)NCCCN=[N+]=[N-])C(=C1)C(C)(C)C)C(C)(C)C","Other",6.679,209.22,152.13,6,4,12,6,5,1,0.475,2,0.833333333333333,0.230769230769231,0.230769230769231,0.215502343001876
"Targaprimir-515/885","C[NH+]1CCN(CC1)C1=CC=C2NC(=NC2=C1)C1=CC=C2NC(=NC2=C1)C1=CC(=C(OCCCC(=O)NCCCN=[N+]=[N-])C(=C1)C(C)(C)C)C(C)(C)C","tRNA",6.679,209.22,152.13,6,4,12,6,5,1,0.475,2,0.833333333333333,0.230769230769231,0.230769230769231,0.215502343001876
"Targaprimir-515/885","C[NH+]1CCN(CC1)C1=CC=C2NC(=NC2=C1)C1=CC=C2NC(=NC2=C1)C1=CC(=C(OCCCC(=O)NCCCN=[N+]=[N-])C(=C1)C(C)(C)C)C(C)(C)C","miRNA",6.679,209.22,152.13,6,4,12,6,5,1,0.475,2,0.833333333333333,0.230769230769231,0.230769230769231,0.215502343001876
"CP2","CS\C(=N/C1=CC=C(Cl)C=C1)N1CC=CC2=CC=CC=C12","Repeat.RNA",5.224,94.884,15.6,2,0,1,3,2,1,0.118,1,0.666666666666667,0.0476190476190476,0.19047619047619,0.0495488198805111
"CP2","CS\C(=N/C1=CC=C(Cl)C=C1)N1CC=CC2=CC=CC=C12","Repeat.RNA",5.224,94.884,15.6,2,0,1,3,2,1,0.118,1,0.666666666666667,0.0476190476190476,0.19047619047619,0.0495488198805111
"CP2","CS\C(=N/C1=CC=C(Cl)C=C1)N1CC=CC2=CC=CC=C12","Repeat.RNA",5.224,94.884,15.6,2,0,1,3,2,1,0.118,1,0.666666666666667,0.0476190476190476,0.19047619047619,0.0495488198805111
"CP2","CS\C(=N/C1=CC=C(Cl)C=C1)N1CC=CC2=CC=CC=C12","Repeat.RNA",5.224,94.884,15.6,2,0,1,3,2,1,0.118,1,0.666666666666667,0.0476190476190476,0.19047619047619,0.0495488198805111
"CP2","CS\C(=N/C1=CC=C(Cl)C=C1)N1CC=CC2=CC=CC=C12","Repeat.RNA",5.224,94.884,15.6,2,0,1,3,2,1,0.118,1,0.666666666666667,0.0476190476190476,0.19047619047619,0.0495488198805111
"CP2","CS\C(=N/C1=CC=C(Cl)C=C1)N1CC=CC2=CC=CC=C12","Repeat.RNA",5.224,94.884,15.6,2,0,1,3,2,1,0.118,1,0.666666666666667,0.0476190476190476,0.19047619047619,0.0495488198805111
"CP2","CS\C(=N/C1=CC=C(Cl)C=C1)N1CC=CC2=CC=CC=C12","Repeat.RNA",5.224,94.884,15.6,2,0,1,3,2,1,0.118,1,0.666666666666667,0.0476190476190476,0.19047619047619,0.0495488198805111
"CP2","CS\C(=N/C1=CC=C(Cl)C=C1)N1CC=CC2=CC=CC=C12","Repeat.RNA",5.224,94.884,15.6,2,0,1,3,2,1,0.118,1,0.666666666666667,0.0476190476190476,0.19047619047619,0.0495488198805111
"CP6","FC1=CC2=C(SCC3=CC=CC=C3)C=NN=C2C=C1","Repeat.RNA",4.061,75.499,25.78,3,0,3,3,3,0,0.067,0,1,0.157894736842105,0.210526315789474,0.0953642188124233
"CP6","FC1=CC2=C(SCC3=CC=CC=C3)C=NN=C2C=C1","Repeat.RNA",4.061,75.499,25.78,3,0,3,3,3,0,0.067,0,1,0.157894736842105,0.210526315789474,0.0953642188124233
"CP6","FC1=CC2=C(SCC3=CC=CC=C3)C=NN=C2C=C1","Repeat.RNA",4.061,75.499,25.78,3,0,3,3,3,0,0.067,0,1,0.157894736842105,0.210526315789474,0.0953642188124233
"CP6","FC1=CC2=C(SCC3=CC=CC=C3)C=NN=C2C=C1","Repeat.RNA",4.061,75.499,25.78,3,0,3,3,3,0,0.067,0,1,0.157894736842105,0.210526315789474,0.0953642188124233
"CP6","FC1=CC2=C(SCC3=CC=CC=C3)C=NN=C2C=C1","Repeat.RNA",4.061,75.499,25.78,3,0,3,3,3,0,0.067,0,1,0.157894736842105,0.210526315789474,0.0953642188124233
"CP6","FC1=CC2=C(SCC3=CC=CC=C3)C=NN=C2C=C1","Repeat.RNA",4.061,75.499,25.78,3,0,3,3,3,0,0.067,0,1,0.157894736842105,0.210526315789474,0.0953642188124233
"CP6","FC1=CC2=C(SCC3=CC=CC=C3)C=NN=C2C=C1","Repeat.RNA",4.061,75.499,25.78,3,0,3,3,3,0,0.067,0,1,0.157894736842105,0.210526315789474,0.0953642188124233
"CP6","FC1=CC2=C(SCC3=CC=CC=C3)C=NN=C2C=C1","Repeat.RNA",4.061,75.499,25.78,3,0,3,3,3,0,0.067,0,1,0.157894736842105,0.210526315789474,0.0953642188124233
"CP13","CC1=CC2=CC=CC=C2N=C1C1=C(F)C=CC=C1","Repeat.RNA",4.349,71.874,12.89,1,0,1,3,3,0,0.062,0,1,0.0555555555555556,0.111111111111111,0.0543246922373429
"CP13","CC1=CC2=CC=CC=C2N=C1C1=C(F)C=CC=C1","Repeat.RNA",4.349,71.874,12.89,1,0,1,3,3,0,0.062,0,1,0.0555555555555556,0.111111111111111,0.0543246922373429
"CP13","CC1=CC2=CC=CC=C2N=C1C1=C(F)C=CC=C1","Repeat.RNA",4.349,71.874,12.89,1,0,1,3,3,0,0.062,0,1,0.0555555555555556,0.111111111111111,0.0543246922373429
"CP13","CC1=CC2=CC=CC=C2N=C1C1=C(F)C=CC=C1","Repeat.RNA",4.349,71.874,12.89,1,0,1,3,3,0,0.062,0,1,0.0555555555555556,0.111111111111111,0.0543246922373429
"CP13","CC1=CC2=CC=CC=C2N=C1C1=C(F)C=CC=C1","Repeat.RNA",4.349,71.874,12.89,1,0,1,3,3,0,0.062,0,1,0.0555555555555556,0.111111111111111,0.0543246922373429
"CP13","CC1=CC2=CC=CC=C2N=C1C1=C(F)C=CC=C1","Repeat.RNA",4.349,71.874,12.89,1,0,1,3,3,0,0.062,0,1,0.0555555555555556,0.111111111111111,0.0543246922373429
"CP13","CC1=CC2=CC=CC=C2N=C1C1=C(F)C=CC=C1","Repeat.RNA",4.349,71.874,12.89,1,0,1,3,3,0,0.062,0,1,0.0555555555555556,0.111111111111111,0.0543246922373429
"CP13","CC1=CC2=CC=CC=C2N=C1C1=C(F)C=CC=C1","Repeat.RNA",4.349,71.874,12.89,1,0,1,3,3,0,0.062,0,1,0.0555555555555556,0.111111111111111,0.0543246922373429
"BIX01294","COC1=CC2=NC(=NC(NC3CC[NH+](CC4=CC=CC=C4)CC3)=C2C=C1OC)N1CCC[NH+](C)CC1","mRNA",1.031,143.58,68.39,6,3,7,5,3,2,0.5,0,0.6,0.194444444444444,0.222222222222222,0.138815591838723
"BIX01294","COC1=CC2=NC(=NC(NC3CC[NH+](CC4=CC=CC=C4)CC3)=C2C=C1OC)N1CCC[NH+](C)CC1","mRNA",1.031,143.58,68.39,6,3,7,5,3,2,0.5,0,0.6,0.194444444444444,0.222222222222222,0.138815591838723
"BIX01294","COC1=CC2=NC(=NC(NC3CC[NH+](CC4=CC=CC=C4)CC3)=C2C=C1OC)N1CCC[NH+](C)CC1","mRNA",1.031,143.58,68.39,6,3,7,5,3,2,0.5,0,0.6,0.194444444444444,0.222222222222222,0.138815591838723
"BIX01294","COC1=CC2=NC(=NC(NC3CC[NH+](CC4=CC=CC=C4)CC3)=C2C=C1OC)N1CCC[NH+](C)CC1","Other",1.031,143.58,68.39,6,3,7,5,3,2,0.5,0,0.6,0.194444444444444,0.222222222222222,0.138815591838723
"BIX01294","COC1=CC2=NC(=NC(NC3CC[NH+](CC4=CC=CC=C4)CC3)=C2C=C1OC)N1CCC[NH+](C)CC1","Repeat.RNA",1.031,143.58,68.39,6,3,7,5,3,2,0.5,0,0.6,0.194444444444444,0.222222222222222,0.138815591838723
"BIX01294","COC1=CC2=NC(=NC(NC3CC[NH+](CC4=CC=CC=C4)CC3)=C2C=C1OC)N1CCC[NH+](C)CC1","Repeat.RNA",1.031,143.58,68.39,6,3,7,5,3,2,0.5,0,0.6,0.194444444444444,0.222222222222222,0.138815591838723
"BIX01294","COC1=CC2=NC(=NC(NC3CC[NH+](CC4=CC=CC=C4)CC3)=C2C=C1OC)N1CCC[NH+](C)CC1","Repeat.RNA",1.031,143.58,68.39,6,3,7,5,3,2,0.5,0,0.6,0.194444444444444,0.222222222222222,0.138815591838723
"BIX01294","COC1=CC2=NC(=NC(NC3CC[NH+](CC4=CC=CC=C4)CC3)=C2C=C1OC)N1CCC[NH+](C)CC1","Other",1.031,143.58,68.39,6,3,7,5,3,2,0.5,0,0.6,0.194444444444444,0.222222222222222,0.138815591838723
"BIX01294","COC1=CC2=NC(=NC(NC3CC[NH+](CC4=CC=CC=C4)CC3)=C2C=C1OC)N1CCC[NH+](C)CC1","Repeat.RNA",1.031,143.58,68.39,6,3,7,5,3,2,0.5,0,0.6,0.194444444444444,0.222222222222222,0.138815591838723
"ADQ","[O-]C1=C(OC2=NC3=CC(=CC=C3NC12)[N+]([O-])=O)C1=CC=C(C=C1)C1OC2=[NH+]C3=C(NC2=C1[O-])C=CC(=C3)[N+]([O-])=O","G.Quadruplex",0.966,135.25,201.25,11,3,4,7,3,4,0.077,2,0.428571428571429,0.1,0.35,0.373072074744179
"ADQ","[O-]C1=C(OC2=NC3=CC(=CC=C3NC12)[N+]([O-])=O)C1=CC=C(C=C1)C1OC2=[NH+]C3=C(NC2=C1[O-])C=CC(=C3)[N+]([O-])=O","G.Quadruplex",0.966,135.25,201.25,11,3,4,7,3,4,0.077,2,0.428571428571429,0.1,0.35,0.373072074744179
"ADQ","[O-]C1=C(OC2=NC3=CC(=CC=C3NC12)[N+]([O-])=O)C1=CC=C(C=C1)C1OC2=[NH+]C3=C(NC2=C1[O-])C=CC(=C3)[N+]([O-])=O","Other",0.966,135.25,201.25,11,3,4,7,3,4,0.077,2,0.428571428571429,0.1,0.35,0.373072074744179
"ADQ","[O-]C1=C(OC2=NC3=CC(=CC=C3NC12)[N+]([O-])=O)C1=CC=C(C=C1)C1OC2=[NH+]C3=C(NC2=C1[O-])C=CC(=C3)[N+]([O-])=O","Other",0.966,135.25,201.25,11,3,4,7,3,4,0.077,2,0.428571428571429,0.1,0.35,0.373072074744179
"Compound 9","NC1=C(N=C2N(CC3=CC=CC=N3)C=C(C([O-])=O)C(=O)C2=C1)N1CCN(CC1)C1=NC2=CC=CC=C2S1","Other",1.722,142.131,133.3,10,1,5,6,5,1,0.192,1,0.833333333333333,0.135135135135135,0.297297297297297,0.260059503487295
"Compound 10","NC1=C(N=C2N(CCC3=CC=CC=N3)C=C(C([O-])=O)C(=O)C2=C1)N1CCN(CC1)C1=NC2=CC=CC=C2S1","Other",1.916,146.733,133.3,10,1,6,6,5,1,0.222,1,0.833333333333333,0.157894736842105,0.289473684210526,0.253132346629903
"Compound 10","NC1=C(N=C2N(CCC3=CC=CC=N3)C=C(C([O-])=O)C(=O)C2=C1)N1CCN(CC1)C1=NC2=CC=CC=C2S1","Other",1.916,146.733,133.3,10,1,6,6,5,1,0.222,1,0.833333333333333,0.157894736842105,0.289473684210526,0.253132346629903
"Compound 11","NC1=C(N=C2N(CC[NH+]3CCN(CC3)C3=CC=CC=N3)C=C(C([O-])=O)C(=O)C2=C1)N1CCN(CC1)C1=NC2=CC=CC=C2S1","Other",0.079,170.806,140.98,11,2,7,7,5,2,0.323,2,0.714285714285714,0.159090909090909,0.295454545454545,0.230460397690492
"Compound 12","NC1=C(N=C2N(CCC[NH+]3CCN(CC3)C3=CC=CC=N3)C=C(C([O-])=O)C(=O)C2=C1)N1CCN(CC1)C1=NC2=CC=CC=C2S1","Other",0.469,175.423,140.98,11,2,8,7,5,2,0.344,2,0.714285714285714,0.177777777777778,0.288888888888889,0.225294402477631
"4d","CN(C)C1=CC=C(C=CC(=O)NC2=CC=C(CNC3=NC4=CC=C(C=C4N=C3NCCCN3CC[NH+](C)CC3)[N+]([O-])=O)C=C2)C=C1","HCV.IRES",3.5,184.561,133,9,4,13,5,4,1,0.324,1,0.8,0.282608695652174,0.260869565217391,0.212878339228836
"4d","CN(C)C1=CC=C(C=CC(=O)NC2=CC=C(CNC3=NC4=CC=C(C=C4N=C3NCCCN3CC[NH+](C)CC3)[N+]([O-])=O)C=C2)C=C1","HCV.IRES",3.5,184.561,133,9,4,13,5,4,1,0.324,1,0.8,0.282608695652174,0.260869565217391,0.212878339228836
"4d","CN(C)C1=CC=C(C=CC(=O)NC2=CC=C(CNC3=NC4=CC=C(C=C4N=C3NCCCN3CC[NH+](C)CC3)[N+]([O-])=O)C=C2)C=C1","Other",3.5,184.561,133,9,4,13,5,4,1,0.324,1,0.8,0.282608695652174,0.260869565217391,0.212878339228836
"3b","C[NH+](C)CCCNC1=NC2=CC(=CC=C2N=C1NCCCN1CC[NH+](C)CC1)[N+]([O-])=O","HCV.IRES",-0.883,123.144,105.1,7,4,11,3,2,1,0.619,0,0.666666666666667,0.354838709677419,0.32258064516129,0.242964771264041
"3b","C[NH+](C)CCCNC1=NC2=CC(=CC=C2N=C1NCCCN1CC[NH+](C)CC1)[N+]([O-])=O","HCV.IRES",-0.883,123.144,105.1,7,4,11,3,2,1,0.619,0,0.666666666666667,0.354838709677419,0.32258064516129,0.242964771264041
"3b","C[NH+](C)CCCNC1=NC2=CC(=CC=C2N=C1NCCCN1CC[NH+](C)CC1)[N+]([O-])=O","Other",-0.883,123.144,105.1,7,4,11,3,2,1,0.619,0,0.666666666666667,0.354838709677419,0.32258064516129,0.242964771264041
"4a","C[NH+](C)CCCNC1=NC2=CC(=CC=C2N=C1NCC1=CC=C(NC(=O)CCCC[C@H]2SCC3NC(=O)NC23)C=C1)[N+]([O-])=O","HCV.IRES",2.761,173.333,167.65,9,6,15,5,3,2,0.467,2,0.6,0.340909090909091,0.318181818181818,0.269197913856668
"4a","C[NH+](C)CCCNC1=NC2=CC(=CC=C2N=C1NCC1=CC=C(NC(=O)CCCC[C@H]2SCC3NC(=O)NC23)C=C1)[N+]([O-])=O","HCV.IRES",2.761,173.333,167.65,9,6,15,5,3,2,0.467,2,0.6,0.340909090909091,0.318181818181818,0.269197913856668
"4a","C[NH+](C)CCCNC1=NC2=CC(=CC=C2N=C1NCC1=CC=C(NC(=O)CCCC[C@H]2SCC3NC(=O)NC23)C=C1)[N+]([O-])=O","Other",2.761,173.333,167.65,9,6,15,5,3,2,0.467,2,0.6,0.340909090909091,0.318181818181818,0.269197913856668
"4c","C[NH+]1CCN(CCCNC2=NC3=CC(=CC=C3N=C2NCC2=CC=C(NC(=O)CCCCC3SCC4NC(=O)NC34)C=C2)[N+]([O-])=O)CC1","HCV.IRES",2.447,188.716,170.89,10,6,15,6,3,3,0.515,2,0.5,0.3125,0.3125,0.252103691639522
"4c","C[NH+]1CCN(CCCNC2=NC3=CC(=CC=C3N=C2NCC2=CC=C(NC(=O)CCCCC3SCC4NC(=O)NC34)C=C2)[N+]([O-])=O)CC1","Other",2.447,188.716,170.89,10,6,15,6,3,3,0.515,2,0.5,0.3125,0.3125,0.252103691639522
"bPGN","CCCC[C@H]1CCCCCCC2=C1C=C(N2)C=C1N=CC(C2=CC=CN2)=C1OC","miRNA",6.606,121.038,53.17,2,2,6,4,2,2,0.48,1,0.5,0.206896551724138,0.137931034482759,0.135790519436407
"bPGN","CCCC[C@H]1CCCCCCC2=C1C=C(N2)C=C1N=CC(C2=CC=CN2)=C1OC","miRNA",6.606,121.038,53.17,2,2,6,4,2,2,0.48,1,0.5,0.206896551724138,0.137931034482759,0.135790519436407
"bPGN","CCCC[C@H]1CCCCCCC2=C1C=C(N2)C=C1N=CC(C2=CC=CN2)=C1OC","Other",6.606,121.038,53.17,2,2,6,4,2,2,0.48,1,0.5,0.206896551724138,0.137931034482759,0.135790519436407
"bPGN","CCCC[C@H]1CCCCCCC2=C1C=C(N2)C=C1N=CC(C2=CC=CN2)=C1OC","tRNA",6.606,121.038,53.17,2,2,6,4,2,2,0.48,1,0.5,0.206896551724138,0.137931034482759,0.135790519436407
"bPGN","CCCC[C@H]1CCCCCCC2=C1C=C(N2)C=C1N=CC(C2=CC=CN2)=C1OC","HIV.TAR",6.606,121.038,53.17,2,2,6,4,2,2,0.48,1,0.5,0.206896551724138,0.137931034482759,0.135790519436407
"bPGN","CCCC[C@H]1CCCCCCC2=C1C=C(N2)C=C1N=CC(C2=CC=CN2)=C1OC","Other",6.606,121.038,53.17,2,2,6,4,2,2,0.48,1,0.5,0.206896551724138,0.137931034482759,0.135790519436407
"bPGN","CCCC[C@H]1CCCCCCC2=C1C=C(N2)C=C1N=CC(C2=CC=CN2)=C1OC","Other",6.606,121.038,53.17,2,2,6,4,2,2,0.48,1,0.5,0.206896551724138,0.137931034482759,0.135790519436407
"bPGN","CCCC[C@H]1CCCCCCC2=C1C=C(N2)C=C1N=CC(C2=CC=CN2)=C1OC","Other",6.606,121.038,53.17,2,2,6,4,2,2,0.48,1,0.5,0.206896551724138,0.137931034482759,0.135790519436407
"Obatoclax","COC1=C(C=NC1=CC1=C(C)C=C(C)N1)C1=CC2=CC=CC=C2N1","miRNA",4.596,98.963,53.17,2,2,3,4,3,1,0.15,0,0.75,0.125,0.166666666666667,0.167521550637697
"Prodigiosin","CCCCCC1=C(C)NC(C=C2N=CC(C3=CC=CN3)=C2OC)=C1","miRNA",4.867,99.949,53.17,2,2,7,3,2,1,0.35,0,0.666666666666667,0.291666666666667,0.166666666666667,0.164389067524116
"BRX1555","CC1=CC2=C(C=C1C)N(CCCC1=CC=CC=C1)C1=NC(=O)[N-]C(=O)C1=N2","Riboswitch",2.463,104.247,78.95,4,0,4,4,2,2,0.238,0,0.5,0.148148148148148,0.222222222222222,0.21966617419152
"BRX1555","CC1=CC2=C(C=C1C)N(CCCC1=CC=CC=C1)C1=NC(=O)[N-]C(=O)C1=N2","Other",2.463,104.247,78.95,4,0,4,4,2,2,0.238,0,0.5,0.148148148148148,0.222222222222222,0.21966617419152
"RG7800","CCC1=NC(C)=CN2N=C(C=C12)C1=CC(=O)N2C=C(C=C(C)C2=N1)C1CC[NH+](C)CC1","Other",1.976,120.891,69,4,1,3,5,4,1,0.417,0,0.8,0.0967741935483871,0.225806451612903,0.16525481574088
"Compound 8","O=C(NC1=CC=C(C=C1)C1=[NH+]CCN1)C1=CC(=CC(=C1)C(=O)NC1=CC=C(C=C1)C1=[NH+]CCN1)C(=O)NC1=CC=C(C=C1)C1=[NH+]CCN1","Other",-2.265,183.452,165.3,6,9,9,7,4,3,0.167,2,0.571428571428571,0.1875,0.25,0.257178596766364
"Compound 8","O=C(NC1=CC=C(C=C1)C1=[NH+]CCN1)C1=CC(=CC(=C1)C(=O)NC1=CC=C(C=C1)C1=[NH+]CCN1)C(=O)NC1=CC=C(C=C1)C1=[NH+]CCN1","Other",-2.265,183.452,165.3,6,9,9,7,4,3,0.167,2,0.571428571428571,0.1875,0.25,0.257178596766364
"Compound 8","O=C(NC1=CC=C(C=C1)C1=[NH+]CCN1)C1=CC(=CC(=C1)C(=O)NC1=CC=C(C=C1)C1=[NH+]CCN1)C(=O)NC1=CC=C(C=C1)C1=[NH+]CCN1","Other",-2.265,183.452,165.3,6,9,9,7,4,3,0.167,2,0.571428571428571,0.1875,0.25,0.257178596766364
"Compound 8","O=C(NC1=CC=C(C=C1)C1=[NH+]CCN1)C1=CC(=CC(=C1)C(=O)NC1=CC=C(C=C1)C1=[NH+]CCN1)C(=O)NC1=CC=C(C=C1)C1=[NH+]CCN1","Other",-2.265,183.452,165.3,6,9,9,7,4,3,0.167,2,0.571428571428571,0.1875,0.25,0.257178596766364
"Compound 8","O=C(NC1=CC=C(C=C1)C1=[NH+]CCN1)C1=CC(=CC(=C1)C(=O)NC1=CC=C(C=C1)C1=[NH+]CCN1)C(=O)NC1=CC=C(C=C1)C1=[NH+]CCN1","Other",-2.265,183.452,165.3,6,9,9,7,4,3,0.167,2,0.571428571428571,0.1875,0.25,0.257178596766364
"Compound 8","O=C(NC1=CC=C(C=C1)C1=[NH+]CCN1)C1=CC(=CC(=C1)C(=O)NC1=CC=C(C=C1)C1=[NH+]CCN1)C(=O)NC1=CC=C(C=C1)C1=[NH+]CCN1","Other",-2.265,183.452,165.3,6,9,9,7,4,3,0.167,2,0.571428571428571,0.1875,0.25,0.257178596766364
"Compound 8","O=C(NC1=CC=C(C=C1)C1=[NH+]CCN1)C1=CC(=CC(=C1)C(=O)NC1=CC=C(C=C1)C1=[NH+]CCN1)C(=O)NC1=CC=C(C=C1)C1=[NH+]CCN1","HCV.IRES",-2.265,183.452,165.3,6,9,9,7,4,3,0.167,2,0.571428571428571,0.1875,0.25,0.257178596766364
"Compound 8","O=C(NC1=CC=C(C=C1)C1=[NH+]CCN1)C1=CC(=CC(=C1)C(=O)NC1=CC=C(C=C1)C1=[NH+]CCN1)C(=O)NC1=CC=C(C=C1)C1=[NH+]CCN1","Repeat.RNA",-2.265,183.452,165.3,6,9,9,7,4,3,0.167,2,0.571428571428571,0.1875,0.25,0.257178596766364
"Compound 8","O=C(NC1=CC=C(C=C1)C1=[NH+]CCN1)C1=CC(=CC(=C1)C(=O)NC1=CC=C(C=C1)C1=[NH+]CCN1)C(=O)NC1=CC=C(C=C1)C1=[NH+]CCN1","HCV.IRES",-2.265,183.452,165.3,6,9,9,7,4,3,0.167,2,0.571428571428571,0.1875,0.25,0.257178596766364
"Compound 8","O=C(NC1=CC=C(C=C1)C1=[NH+]CCN1)C1=CC(=CC(=C1)C(=O)NC1=CC=C(C=C1)C1=[NH+]CCN1)C(=O)NC1=CC=C(C=C1)C1=[NH+]CCN1","Other",-2.265,183.452,165.3,6,9,9,7,4,3,0.167,2,0.571428571428571,0.1875,0.25,0.257178596766364
"Compound 8","O=C(NC1=CC=C(C=C1)C1=[NH+]CCN1)C1=CC(=CC(=C1)C(=O)NC1=CC=C(C=C1)C1=[NH+]CCN1)C(=O)NC1=CC=C(C=C1)C1=[NH+]CCN1","HCV.IRES",-2.265,183.452,165.3,6,9,9,7,4,3,0.167,2,0.571428571428571,0.1875,0.25,0.257178596766364
"Compound 8","O=C(NC1=CC=C(C=C1)C1=[NH+]CCN1)C1=CC(=CC(=C1)C(=O)NC1=CC=C(C=C1)C1=[NH+]CCN1)C(=O)NC1=CC=C(C=C1)C1=[NH+]CCN1","Other",-2.265,183.452,165.3,6,9,9,7,4,3,0.167,2,0.571428571428571,0.1875,0.25,0.257178596766364
"Compound 10","O=C(NC1=CC(=CC=C1)C1=[NH+]CCN1)C1=CC=C(C=C1)C1=CC=C(C=C1)C(=O)NC1=CC=CC(=C1)C1=[NH+]CCN1","Other",0.719,156.551,110.2,4,6,7,6,4,2,0.125,2,0.666666666666667,0.175,0.2,0.207676883414494
"Compound 10","O=C(NC1=CC(=CC=C1)C1=[NH+]CCN1)C1=CC=C(C=C1)C1=CC=C(C=C1)C(=O)NC1=CC=CC(=C1)C1=[NH+]CCN1","HCV.IRES",0.719,156.551,110.2,4,6,7,6,4,2,0.125,2,0.666666666666667,0.175,0.2,0.207676883414494
"Compound 10","O=C(NC1=CC(=CC=C1)C1=[NH+]CCN1)C1=CC=C(C=C1)C1=CC=C(C=C1)C(=O)NC1=CC=CC(=C1)C1=[NH+]CCN1","Repeat.RNA",0.719,156.551,110.2,4,6,7,6,4,2,0.125,2,0.666666666666667,0.175,0.2,0.207676883414494
"Compound 10","O=C(NC1=CC(=CC=C1)C1=[NH+]CCN1)C1=CC=C(C=C1)C1=CC=C(C=C1)C(=O)NC1=CC=CC(=C1)C1=[NH+]CCN1","HCV.IRES",0.719,156.551,110.2,4,6,7,6,4,2,0.125,2,0.666666666666667,0.175,0.2,0.207676883414494
"Compound 10","O=C(NC1=CC(=CC=C1)C1=[NH+]CCN1)C1=CC=C(C=C1)C1=CC=C(C=C1)C(=O)NC1=CC=CC(=C1)C1=[NH+]CCN1","Other",0.719,156.551,110.2,4,6,7,6,4,2,0.125,2,0.666666666666667,0.175,0.2,0.207676883414494
"Linifanib","CC1=CC(NC(=O)NC2=CC=C(C=C2)C(C=C)=C2CN[NH+]=C2N)=C(F)C=C1","Other",1.674,105.497,93.15,3,5,4,3,2,1,0.1,0,0.666666666666667,0.148148148148148,0.259259259259259,0.254216472899951
